populismo;169;nom
populista;117;adj
político;86;adj
bolsonaro;83;nr
direito;60;nom
governo;57;nom
presidente;50;nom
política;50;nom
trump;42;nr
brasil;42;nom
partido;40;nom
país;39;nom
democracia;37;nom
ver;35;ver
pandemia;34;nom
eleição;32;nom
lula;31;nom
fiscal;31;nom
novo;30;adj
mesmo;30;adj
líder;30;nom
ano;29;nom
dar;27;ver
mundo;26;nom
estado;26;nom
vez;25;nom
só;24;adj
social;24;adj
público;24;adj
forma;24;nom
econômico;24;adj
risco;23;nom
precisar;23;ver
brasileiro;23;adj
mercado;21;nom
instituição;20;nom
autoritário;20;adj
vir;19;ver
parecer;19;ver
maior;19;adj
economia;18;nom
dever;18;ver
sociedade;17;nom
nacional;17;adj
grande;17;adj
afirmar;17;ver
lei;16;nom
jair;16;nom
ficar;16;ver
donald;16;nom
democrático;16;adj
último;15;adj
vacina;15;nom
republicano;15;adj
querer;15;ver
preço;15;nom
eua;15;nr
caso;15;nom
unido;14;adj
projeto;14;nom
polarização;14;nom
perder;14;ver
passar;14;ver
parte;14;nom
meio;14;nom
medida;14;nom
liberal;14;adj
discurso;14;nom
dia;14;nom
deixar;14;ver
bem;14;nom
americano;14;adj
século;13;nom
saúde;13;nom
principal;13;adj
possível;13;adj
porcento;13;nr
momento;13;nom
fato;13;nom
crise;13;nom
chegar;13;ver
apoio;13;nom
violência;12;nom
sistema;12;nom
relação;12;nom
reforma;12;nom
levar;12;ver
importante;12;adj
diferente;12;adj
conseguir;12;ver
congresso;12;nom
tentar;11;ver
saber;11;ver
movimento;11;nom
mostrar;11;ver
ministro;11;nom
itália;11;nom
história;11;nom
grupo;11;nom
global;11;adj
federal;11;adj
europa;11;nom
espaço;11;nom
derrota;11;nom
defender;11;ver
coisa;11;nom
aumentar;11;ver
atual;11;adj
acreditar;11;ver
voltar;10;ver
reeleição;10;nom
problema;10;nom
paulo;10;nom
força;10;nom
esquerdo;10;adj
empresa;10;nom
eleitoral;10;adj
covid_19;10;nr
considerar;10;ver
chamar;10;ver
candidato;10;nom
usar;9;ver
termo;9;nom
sinal;9;nom
setor;9;nom
seguir;9;ver
seguidor;9;nom
recente;9;adj
pt;9;nr
próximo;9;adj
próprio;9;adj
prazo;9;nom
pior;9;adj
petrobras;9;nom
pessoa;9;nom
passado;9;adj
nacionalismo;9;nom
melhor;9;adj
imprensa;9;nom
falta;9;nom
extremo;9;adj
década;9;nom
cultura;9;nom
colocar;9;ver
ciência;9;nom
certo;9;adj
bom;9;adj
biden;9;nr
avanço;9;nom
adotar;9;ver
sair;8;ver
preocupação;8;nom
longo;8;adj
lado;8;nom
italiano;8;adj
ideia;8;nom
ganhar;8;ver
estratégia;8;nom
difícil;8;adj
câmara;8;nom
conservador;8;adj
cientista;8;nom
banco;8;nom
ascensão;8;nom
voto;7;nom
volta;7;nom
tradicional;7;adj
reduzir;7;ver
rede;7;nom
rcifrão;7;nr
proposta;7;nom
processo;7;nom
parlamentar;7;nom
número;7;nom
mudar;7;ver
motivo;7;nom
limite;7;nom
liberdade;7;nom
internacional;7;adj
institucional;7;adj
impossível;7;adj
ideológico;7;adj
guedes;7;nom
garantir;7;ver
funcionar;7;ver
falar;7;ver
existir;7;ver
europeu;7;adj
esperar;7;ver
escrever;7;ver
encontrar;7;ver
efeito;7;nom
decisão;7;nom
curto;7;adj
controlo;7;nom
constitucional;7;adj
cair;7;ver
branco;7;adj
baixo;7;adj
alemanha;7;nom
época;6;nom
vender;6;ver
vacinação;6;nom
universidade;6;nom
turno;6;nom
tribunal;6;nom
tratar;6;ver
tradicionalismo;6;nom
sul;6;nom
sucesso;6;nom
sentido;6;nom
retórica;6;adj
resultado;6;nom
responsabilidade;6;nom
resistência;6;nom
produzir;6;ver
produto;6;nom
presidência;6;nom
petróleo;6;nom
pesquisa;6;nom
necessidade;6;nom
manter;6;ver
lugar;6;nom
livre;6;adj
liderar;6;ver
lidar;6;ver
liberalismo;6;nom
investir;6;ver
investidor;6;nom
inimigo;6;adj
imposto;6;nom
implementar;6;ver
impedir;6;ver
guerra;6;nom
governador;6;nom
gestão;6;nom
gerar;6;ver
frança;6;nom
forte;6;adj
fortalecer;6;ver
financeiro;6;adj
ex_presidente;6;nr
evento;6;nom
estatal;6;adj
establishment;6;nr
especialista;6;nom
erro;6;nom
elite;6;nom
economista;6;nom
direção;6;nom
deputado;6;nom
declínio;6;nom
debate;6;nom
crescimento;6;nom
continuar;6;ver
contar;6;ver
confiança;6;nom
começar;6;ver
clássico;6;adj
cidadão;6;adj
chance;6;nom
centrão;6;nr
busca;6;nom
aumento;6;nom
ataque;6;nom
argumento;6;nom
apoiar;6;ver
apoiador;6;adj
alinhar;6;ver
agenda;6;nom
acontecer;6;ver
achar;6;ver
áfrica;5;nom
washington;5;nom
visão;5;nom
vida;5;nom
trazer;5;ver
tornar;5;ver
tentativa;5;nom
surto;5;nom
situação;5;nom
significar;5;ver
senador;5;nom
retorno;5;nom
representação;5;nom
representar;5;ver
regra;5;nom
regime;5;nom
proteger;5;ver
prometer;5;ver
programa;5;nom
pretender;5;ver
posição;5;nom
popularidade;5;nom
polônia;5;nom
personalista;5;adj
papel;5;nom
palavra;5;nom
onda;5;nom
nível;5;nom
negativo;5;adj
necessário;5;adj
modo;5;nom
mobius;5;nr
mentira;5;nom
livro;5;nom
koch;5;nr
jogar;5;ver
interesse;5;nom
inflação;5;nom
independente;5;adj
imaginar;5;ver
imagem;5;nom
humano;5;adj
gostar;5;ver
gente;5;nom
frente;5;nom
fascismo;5;nom
expressão;5;nom
explicar;5;ver
exemplo;5;nom
executivo;5;nom
evitar;5;ver
estrutura;5;nom
entrevista;5;nom
entregar;5;ver
enfrentar;5;ver
emergencial;5;adj
eleitor;5;nom
dólar;5;nom
desigualdade;5;nom
desenvolvimento;5;nom
crescente;5;adj
constituição;5;nom
claro;5;adj
civil;5;adj
ciclo;5;nom
chinês;5;adj
cenário;5;nom
capitólio;5;nom
campanha;5;nom
beneficiar;5;ver
ação;5;nom
autor;5;nom
arma;5;nom
ameaçar;5;ver
acabar;5;ver
único;4;adj
óleo;4;nom
vista;4;nom
virar;4;ver
técnica;4;nom
tático;4;adj
torno;4;nom
tirar;4;ver
tesouro;4;nom
teoria;4;nom
tendência;4;nom
tender;4;ver
temor;4;nom
temer;4;ver
teitelbaum;4;nr
supremo;4;adj
stf;4;nr
socialista;4;adj
semelhante;4;adj
salvini;4;nr
russo;4;adj
rosanvallon;4;nr
rico;4;adj
resposta;4;nom
república;4;nom
rejeitar;4;ver
recuperar;4;ver
reconhecer;4;ver
recessão;4;nom
receber;4;ver
reação;4;nom
realidade;4;nom
questão;4;nom
qualidade;4;nom
prático;4;adj
prudência;4;nom
provocar;4;ver
proteção;4;nom
professor;4;nom
possibilidade;4;nom
ponto;4;nom
perspectiva;4;nom
permitir;4;ver
perdido;4;adj
perda;4;nom
particular;4;adj
organização;4;nom
oposição;4;nom
operação;4;nom
obrigar;4;ver
objectivo;4;nom
noção;4;nom
norma;4;nom
natural;4;adj
morte;4;nom
minar;4;ver
medo;4;nom
mediação;4;nom
maneira;4;nom
maiúsculo;4;nom
local;4;nom
liturgia;4;nom
listar;4;ver
lira;4;nom
limitar;4;ver
ligar;4;ver
liderança;4;nom
lembrar;4;ver
judicial;4;adj
irmão;4;nom
investimento;4;nom
intervencionismo;4;nom
instituto;4;nom
inflamar;4;ver
indicar;4;ver
incluir;4;ver
ideólogo;4;nom
ideologia;4;nom
hungria;4;nom
guinar;4;ver
grave;4;adj
governar;4;ver
geral;4;adj
gasto;4;adj
fácil;4;adj
futuro;4;adj
fundamental;4;adj
fronteira;4;nom
figura;4;nom
fenômeno;4;nom
fechar;4;ver
falso;4;adj
exigir;4;ver
estimular;4;ver
estilo;4;nom
espécie;4;nom
escritor;4;nom
escola;4;nom
escalada;4;nom
ernesto;4;nom
eleger;4;ver
diretor;4;nom
direto;4;adj
dilma;4;nr
diesel;4;nom
destruição;4;nom
destacar;4;ver
definição;4;nom
definir;4;ver
dano;4;nom
cultural;4;adj
criticar;4;ver
correr;4;ver
coronavírus;4;nr
conexão;4;nom
concepção;4;nom
compromisso;4;nom
complexo;4;adj
combustível;4;nom
coletivo;4;adj
central;4;adj
casa;4;nom
caminhoneiro;4;nom
bolsa;4;nom
base;4;nom
auxílio;4;nom
atenção;4;nom
associar;4;ver
aprovar;4;ver
apontar;4;ver
apelo;4;nom
antissistema;4;nr
antigo;4;adj
amazônia;4;nom
alto;4;adj
alternativo;4;adj
alcançar;4;ver
ala;4;nom
ajuda;4;nom
agravar;4;ver
afastar;4;ver
adversário;4;adj
ódio;3;nom
ásia;3;nom
vontade;3;nom
vitória;3;nom
versão;3;nom
variar;3;ver
valer;3;ver
usado;3;adj
união;3;nom
universo;3;nom
trumpismo;3;nr
teto;3;nom
testemunhar;3;ver
terra;3;nom
tensão;3;nom
tecnocrata;3;nom
símbolo;3;nom
série;3;nom
surpreender;3;ver
subir;3;ver
solução;3;nom
sobreviver;3;ver
silva;3;nom
servidor;3;nom
sentir;3;ver
senado;3;nom
semana;3;nom
salvador;3;nom
ruim;3;adj
rua;3;nom
ritmo;3;nom
revista;3;nom
retomada;3;nom
resultar;3;ver
relativo;3;adj
relacionar;3;ver
refundação;3;nr
reforçar;3;ver
referir;3;ver
redução;3;nom
redor;3;nom
razão;3;nom
racial;3;adj
queda;3;nom
protagonismo;3;nom
propor;3;ver
prisão;3;nom
pressão;3;nom
preciso;3;adj
positivo;3;adj
população;3;nom
poderoso;3;adj
pleito;3;nom
plano;3;nom
pierre;3;nom
pessoal;3;adj
perón;3;nom
peronismo;3;nom
permanente;3;adj
perigoso;3;adj
pequeno;3;adj
pensar;3;ver
pen;3;nr
pedir;3;ver
pauta;3;nom
partir;3;ver
parlamento;3;nom
paris;3;nom
parceria;3;nom
orçamentário;3;adj
ordem;3;nom
oportunidade;3;nom
olhar;3;ver
olavo;3;nom
oficial;3;adj
ofensiva;3;nom
ocorrer;3;ver
observar;3;ver
obscuro;3;adj
obra;3;nom
notícia;3;nom
norte;3;nom
negar;3;ver
nação;3;nom
nacionalista;3;adj
mídia;3;nom
mês;3;nom
médico;3;nom
máximo;3;adj
mundial;3;adj
mudança;3;nom
militar;3;adj
menor;3;adj
mecanismo;3;nom
mau;3;adj
marcar;3;ver
manual;3;adj
manipular;3;ver
manifestação;3;nom
luiz;3;nom
limitado;3;adj
legal;3;adj
le;3;nr
largo;3;adj
jurídico;3;adj
juiz;3;nom
judiciário;3;adj
josé;3;nom
jornalismo;3;nom
jogo;3;nom
joe;3;nr
inácio;3;nom
invasão;3;nom
intervenção;3;nom
interromper;3;ver
influência;3;nom
influenciar;3;ver
inevitável;3;adj
indiano;3;adj
importação;3;nom
impor;3;ver
impeachment;3;nom
ilusão;3;nom
ignorância;3;nom
hora;3;nom
histórico;3;adj
governança;3;nom
globo;3;nom
general;3;nom
gastar;3;ver
garantia;3;nom
fóssil;3;nom
frio;3;adj
formar;3;ver
fogo;3;nom
flagrante;3;adj
filósofo;3;adj
filosofia;3;nom
fator;3;nom
fascista;3;adj
fantasia;3;nom
fanatismo;3;nom
extremismo;3;nom
explorar;3;ver
explicação;3;nom
expansão;3;nom
eternidade;3;nom
estabilidade;3;nom
espiritual;3;adj
erosão;3;nom
equipa;3;nom
entender;3;ver
energia;3;nom
emocional;3;adj
dúvida;3;nom
domínio;3;nom
distinguir;3;ver
distante;3;adj
discutir;3;ver
dificuldade;3;nom
diferença;3;nom
desinformação;3;nom
desconfiança;3;nom
descer;3;ver
demagogo;3;adj
cumprir;3;ver
cruz;3;nom
criar;3;ver
crer;3;ver
cooperação;3;nom
convencer;3;ver
contraste;3;nom
contrapor;3;ver
contexto;3;nom
construir;3;ver
constante;3;adj
conspiração;3;nom
conspiratório;3;adj
consequência;3;nom
congressista;3;nom
conflito;3;nom
conduzir;3;ver
condição;3;nom
condenar;3;ver
concorrer;3;ver
comportamento;3;nom
completo;3;adj
combate;3;nom
clima;3;nom
científico;3;adj
china;3;nom
chamado;3;adj
centro;3;nom
ceder;3;ver
carvalho;3;nom
cargo;3;nom
característica;3;nom
butantan;3;nr
bruxelas;3;nom
brexit;3;nr
blindagem;3;nom
benjamin;3;nom
basear;3;ver
baseado;3;adj
avaliar;3;ver
atitude;3;nom
atacar;3;ver
assustar;3;ver
assunto;3;nom
assumir;3;ver
aspecto;3;nom
artigo;3;nom
argentino;3;adj
araújo;3;nom
aproveitar;3;ver
apresentar;3;ver
apontado;3;adj
anterior;3;adj
américa;3;nom
amigo;3;nom
ameaça;3;nom
amazona;3;nom
alvo;3;adj
albertazzi;3;nr
aguardar;3;ver
agitação;3;nom
advogado;3;nom
administrativo;3;adj
acumular;3;ver
acrescentar;3;ver
acordo;3;nom
abuso;3;nom
aberto;3;adj
abandonar;3;ver
óbvio;2;adj
índice;2;nom
étnico;2;adj
épico;2;adj
área;2;nom
zerou;2;nr
xenófobo;2;adj
williams;2;nom
wilders;2;nr
wall;2;nr
vírus;2;nom
véspera;2;nom
vulnerável;2;adj
voz;2;nom
votar;2;ver
vladimir;2;nom
vivo;2;adj
viver;2;ver
vitalidade;2;nom
vigilância;2;nom
via;2;nom
veículo;2;nom
ventura;2;nom
veneto;2;nr
vencer;2;ver
velocidade;2;nom
veem;2;nr
valorização;2;nom
vago;2;adj
uso;2;nom
universal;2;adj
ultradireita;2;nr
tóquio;2;nom
típico;2;adj
twitter;2;nr
turquia;2;nom
tumulto;2;nom
truque;2;nom
trumpista;2;nr
truculência;2;nom
tropa;2;nom
traço;2;nom
tragédia;2;nom
traduzir;2;ver
tradição;2;nom
tradicionalista;2;adj
termômetro;2;nom
terminar;2;ver
tentação;2;nom
ted;2;nom
tea;2;nr
taxa;2;nom
tarifa;2;nom
tarefa;2;nom
sócio_político;2;nr
séquito;2;nom
sustentação;2;nom
suspeito;2;adj
suspeita;2;nom
surpreendente;2;adj
surgir;2;ver
suposto;2;adj
superar;2;ver
sugerir;2;ver
sufocar;2;ver
subestimar;2;ver
street;2;nr
steve;2;nr
sorte;2;nom
soja;2;nom
sofrer;2;ver
society;2;nr
sobreposto;2;adj
sinovac;2;nr
simples;2;adj
sigla;2;nom
show;2;nom
sentar;2;ver
senhor;2;nom
senha;2;nom
seita;2;nom
segurança;2;nom
segunda_feira;2;nr
seguinte;2;adj
saída;2;nom
rússia;2;nom
roteiro;2;nom
romano;2;adj
romance;2;nom
roma;2;nom
rodada;2;nom
roberto;2;nom
revolto;2;adj
reverência;2;nom
reverter;2;ver
retirar;2;ver
retido;2;adj
restrição;2;nom
restaurar;2;ver
restar;2;ver
ressentimento;2;nom
ressarcir;2;ver
responsável;2;adj
respeito;2;nom
repetir;2;ver
renda;2;nom
remessa;2;nom
relator;2;nom
rejeição;2;nom
referendo;2;nom
recurso;2;nom
recuperação;2;nom
receio;2;nom
rebelião;2;nom
rebanho;2;nom
reality;2;nr
real;2;nom
reagir;2;ver
reagan;2;nom
racismo;2;nom
quinta_feira;2;nr
questionar;2;ver
questionamento;2;nom
quebrar;2;ver
pós_verdade;2;nr
pé;2;nom
pátria;2;nom
putin;2;nr
publicação;2;nom
publicar;2;ver
ptdob;2;nr
psc;2;nr
protesto;2;nom
prosperar;2;ver
propriedade;2;nom
pronto;2;adj
promover;2;ver
promessa;2;nom
procurar;2;ver
privilégio;2;nom
priorizar;2;ver
princeton;2;nom
previdência;2;nom
preocupar;2;ver
premiar;2;ver
prejuízo;2;nom
postura;2;nom
portugal;2;nom
popular;2;adj
polícia;2;nom
polarizar;2;ver
pobre;2;adj
pneu;2;nom
planejar;2;ver
planalto;2;nom
piorar;2;ver
petista;2;adj
pesquisador;2;nom
período;2;nom
personagem;2;nom
perigo;2;nom
pergunta;2;nom
percepção;2;nom
perceber;2;ver
pequim;2;nom
pedido;2;nom
pec;2;nr
party;2;nr
particularidade;2;nom
participar;2;ver
parar;2;ver
pandêmico;2;nr
palpável;2;adj
paixão;2;nom
pacote;2;nom
otimista;2;adj
otavio;2;nom
orçamento;2;nom
original;2;adj
origem;2;nom
organizar;2;ver
organizado;2;adj
oposto;2;adj
opor;2;ver
oponente;2;nom
opinião;2;nom
open;2;nom
olho;2;nom
oferecer;2;ver
ocupar;2;ver
obscurantista;2;adj
news;2;nr
nervoso;2;adj
negro;2;adj
necessitar;2;ver
narrativa;2;nom
narcisista;2;adj
máquina;2;nom
multidão;2;nom
muller;2;nom
mourão;2;nom
morrer;2;ver
morar;2;ver
moral;2;adj
monumental;2;adj
moeda;2;nom
moderno;2;adj
moderação;2;nom
modalidade;2;nom
mistura;2;nom
migração;2;nom
michel;2;nom
metade;2;nom
messiânico;2;adj
merkel;2;nr
mensagem;2;nom
membro;2;nom
meia_vida;2;nr
maçom;2;nom
matteo;2;nr
materialista;2;adj
material;2;nom
mata;2;nom
massa;2;nom
mark;2;nr
marco;2;nom
marcelo;2;nom
maquinação;2;nom
manantial;2;nr
lógica;2;nom
loucura;2;nom
lombardia;2;nr
logístico;2;nom
lição;2;nom
literatura;2;nom
limpeza;2;nom
letra;2;nom
ler;2;ver
leitura;2;nom
leitor;2;nom
legislativo;2;adj
latino_americanos;2;nr
latino;2;adj
lançar;2;ver
laclau;2;nr
komireddi;2;nr
kapil;2;nr
juventude;2;nom
justo;2;adj
justiça;2;nom
justificar;2;ver
jus;2;nom
juro;2;nom
jovem;2;adj
jornal;2;nom
jim;2;nom
jesuíta;2;adj
janones;2;nr
jan_werner;2;nr
isolamento;2;nom
isolacionista;2;nr
irresponsável;2;adj
irresponsabilidade;2;nom
investida;2;nom
intransponível;2;adj
intolerância;2;nom
interpretar;2;ver
internet;2;nom
inteligente;2;adj
intelectual;2;adj
insumo;2;nom
insidioso;2;adj
infundado;2;adj
informar;2;ver
infligir;2;ver
individual;2;adj
independência;2;nom
indefinido;2;adj
incompetente;2;adj
incerto;2;adj
incerteza;2;nom
incentivo;2;nom
incapacidade;2;nom
império;2;nom
impulsionar;2;ver
impressionante;2;adj
importância;2;nom
importar;2;ver
impedimento;2;nom
impacto;2;nom
imitação;2;nom
imitar;2;ver
ilicitude;2;nom
igualitário;2;adj
ignorado;2;adj
idoso;2;adj
identificar;2;ver
hostilidade;2;nom
holanda;2;nom
hipótese;2;nom
herrenvolk;2;nr
heather;2;nr
habilidade;2;nom
gás;2;nom
grabbe;2;nr
glp;2;nr
globalização;2;nom
globalismo;2;nr
gesto;2;nom
geração;2;nom
generoso;2;adj
gasoduto;2;nom
ganho;2;nom
galopar;2;ver
fusão;2;nom
freio;2;nom
frase;2;nom
fragilizar;2;ver
fraco;2;adj
fracassado;2;adj
fossar;2;ver
folha;2;nom
focar;2;ver
flexibilização;2;nom
financiar;2;ver
final;2;nom
filiar;2;ver
fiel;2;adj
fhc;2;nr
favorável;2;adj
família;2;nom
fachin;2;nr
fabricante;2;nom
exótico;2;adj
exército;2;nom
extremista;2;adj
externo;2;adj
extensão;2;nom
expressar;2;ver
exposição;2;nom
experiência;2;nom
experimentar;2;ver
exercício;2;nom
exercer;2;ver
excludente;2;adj
evo;2;nr
evidente;2;adj
eventual;2;adj
estável;2;adj
estudar;2;ver
estreito;2;adj
estrangeiro;2;adj
estrada;2;nom
esperança;2;nom
espectro;2;nom
especialidade;2;nom
espalhar;2;ver
escândalo;2;nom
escalar;2;ver
escala;2;nom
enxergar;2;ver
envolver;2;ver
ensaiar;2;ver
enfraquecer;2;ver
enfatizar;2;ver
encontro;2;nom
empresário;2;nom
emprego;2;nom
emoção;2;nom
emmanouilidis;2;nr
emenda;2;nom
eletrônico;2;adj
elemento;2;nom
eleitoreiro;2;adj
educação;2;nom
eduardo;2;nom
edson;2;nom
edicionar;2;ver
doutrinário;2;adj
divisão;2;nom
diverso;2;adj
dito;2;adj
distanciamento;2;nom
disputa;2;nom
dispensar;2;ver
dirigir;2;ver
dirigente;2;nom
diminuir;2;ver
diferenciar;2;ver
diatribe;2;nom
detrimento;2;nom
determinante;2;adj
determinado;2;adj
desvalorizar;2;ver
destruir;2;ver
destaque;2;nom
despesa;2;nom
despertar;2;ver
deslocamento;2;nom
desembaraço;2;nom
derrotar;2;ver
demonstrar;2;ver
demitir;2;ver
demanda;2;nom
deidade;2;nom
defasagem;2;nom
declaração;2;nom
decadência;2;nom
debilitar;2;ver
debilitador;2;nr
cético;2;adj
câmbio;2;nom
custo;2;nom
custar;2;ver
curso;2;nom
culto;2;adj
culpar;2;ver
crítica;2;nom
crow;2;nr
criminoso;2;adj
crime;2;nom
crescer;2;ver
credo;2;nom
credibilidade;2;nom
costumar;2;ver
cosmopolita;2;adj
corte;2;nom
cortar;2;ver
corrupção;2;nom
corrosão;2;nom
corrompido;2;adj
coronavac;2;nr
converter;2;ver
conversar;2;ver
convergir;2;ver
contrário;2;adj
controlar;2;ver
contrapeso;2;nom
contra_majoritárias;2;nr
continuidade;2;nom
continente;2;nom
conter;2;ver
constituir;2;ver
consolidar;2;ver
consenso;2;nom
conhecido;2;adj
confortável;2;adj
conflituoso;2;adj
configurar;2;ver
concluir;2;ver
concessão;2;nom
conceito;2;nom
conceber;2;ver
compra;2;nom
complicado;2;adj
competência;2;nom
competente;2;adj
comparar;2;ver
cometer;2;ver
comentar;2;ver
combater;2;ver
colega;2;nom
coalizão;2;nom
chávez;2;nr
chapa;2;nom
chanceler;2;nom
centrar;2;ver
cena;2;nom
cds;2;nr
causar;2;ver
causa;2;nom
castello;2;nr
caráter;2;nom
carregado;2;adj
carlos;2;nom
característico;2;adj
canhestro;2;adj
canalizar;2;ver
camada;2;nom
cacique;2;nom
cabeça;2;nom
caber;2;ver
básico;2;adj
brincar;2;ver
briga;2;nom
breve;2;adj
brasília;2;nom
bolsonaristas;2;nr
bolsonarismo;2;nr
benefício;2;nom
bbc;2;nr
baudet;2;nr
bastidor;2;nom
bannon;2;nr
aversão;2;nom
autoritarismo;2;nom
autoridade;2;nom
austeridade;2;nom
atropelar;2;ver
atraso;2;nom
ato;2;nom
astro;2;nom
assustador;2;adj
associação;2;nom
arthur;2;nom
arroubo;2;nom
aprimorado;2;adj
aposta;2;nom
aplicar;2;ver
apartheid;2;nom
antidemocrático;2;adj
anticorrupção;2;nom
anti_imigração;2;nr
ansiedade;2;nom
anjo;2;nom
angela;2;nr
andré;2;nom
andar;2;ver
analista;2;nom
ana;2;nom
ampliado;2;adj
amanhecer;2;ver
amadurecimento;2;nom
alívio;2;nom
alerta;2;adj
ajuste;2;nom
ajudar;2;ver
agência;2;nom
agricultor;2;nom
administrar;2;ver
acusar;2;ver
acontecimento;2;nom
acepção;2;nom
aceitar;2;ver
abrir;2;ver
abordagem;2;nom
óbito;1;nom
índio;1;nom
ícone;1;nom
ágio;1;nom
zoológico;1;adj
zerar;1;nr
zeina;1;nr
yuriko;1;nr
xxi;1;nr
xx;1;nr
xp;1;nr
xingamento;1;nom
winston;1;nr
vítima;1;nom
vox;1;nr
votação;1;nom
volúvel;1;adj
voluntarismo;1;nom
vocalizador;1;nr
viés;1;nom
viável;1;adj
viário;1;adj
vizinho;1;adj
vitor;1;nom
visível;1;adj
visar;1;ver
virtuoso;1;adj
virtude;1;nom
virado;1;nom
violento;1;adj
violação;1;nom
vinho;1;nom
vincular;1;ver
villas;1;nr
vigor;1;nom
vidar;1;ver
victor;1;nom
vice_liderança;1;nr
viabilizar;1;ver
vetar;1;ver
vestir;1;ver
verificar;1;ver
verba;1;nom
venerado;1;adj
velho;1;adj
velhice;1;nom
veia;1;nom
vaya;1;nr
variedade;1;nom
variante;1;nom
vargas;1;nom
vara;1;nom
vantagem;1;nom
vacinar;1;ver
vacinamos;1;nr
v_dem;1;nr
utilizar;1;ver
usual;1;adj
uscifrão;1;nr
urna;1;nom
urgência;1;nom
urgente;1;adj
uniforme;1;nom
unidade;1;nom
unicamp;1;nr
ungido;1;adj
ultrapassar;1;ver
ultranacionalista;1;nom
ufba;1;nr
ufanismo;1;nom
tv;1;nr
tuíte;1;nr
tutelar;1;adj
tutela;1;nom
tsé_tung;1;nr
trágico;1;adj
trompista;1;nr
trocar;1;ver
troca;1;nom
trivial;1;adj
triste;1;adj
trio;1;nom
tributário;1;adj
tribal;1;adj
travar;1;ver
tratado;1;nom
transitar;1;ver
transformação;1;nom
transformar;1;ver
transfigurar;1;ver
transferência;1;nom
transferir;1;ver
transcendental;1;adj
tranquilo;1;adj
tranco;1;nom
tramitação;1;nom
traje;1;nom
traders;1;nr
trabalhador;1;adj
totalitário;1;adj
torre;1;nom
torcer;1;ver
tomás;1;nom
tomar;1;ver
tolo;1;adj
tocar;1;ver
toada;1;nom
timing;1;nom
time;1;nom
think;1;nr
thierry;1;nr
thiago;1;nom
the;1;nr
teste;1;nom
tese;1;nom
terça_feira;1;nr
tentado;1;adj
temática;1;nom
templeman;1;nr
tema;1;nom
telescópico;1;adj
tela;1;nom
teia;1;nom
tecnológico;1;adj
tayyip;1;nr
tanks;1;nr
tamanho;1;adj
súbito;1;adj
sólido;1;adj
sócio_fundador;1;nr
sênior;1;nom
sério;1;adj
suécia;1;nom
sutil;1;adj
sustentar;1;ver
suspensão;1;nom
surpresa;1;nom
supressão;1;nom
supremocracia;1;nr
suprapartidário;1;adj
supermercado;1;nom
superexposição;1;nom
super_representação;1;nr
sujeito;1;nom
sucroalcooleiro;1;nr
subterrâneo;1;adj
subsídio;1;nom
substituir;1;ver
substancial;1;adj
subsidiar;1;ver
suborno;1;nom
sublinhar;1;ver
subjacente;1;adj
stream;1;nr
stanford;1;nom
staffan;1;nr
sousa;1;nom
sombrio;1;adj
sombra;1;nom
som;1;nom
solo;1;nom
solmucci;1;nr
solitário;1;adj
sol;1;nom
socio-político;1;adj
sobrenome;1;nom
soberania;1;nom
soar;1;ver
sistemático;1;adj
sintetizar;1;ver
singular;1;adj
simplicidade;1;nom
simetria;1;nom
silêncio;1;nom
silvio;1;nom
silveira;1;nom
sikorski;1;nr
significativo;1;adj
seychelles;1;nr
sexta_feira;1;nr
setembro;1;nom
servir;1;ver
seringa;1;nom
sergio;1;nom
sequestrar;1;ver
sentimento;1;nom
senso;1;nom
semestre;1;nom
semear;1;ver
seguido;1;adj
sede;1;nom
secularização;1;nom
secretário;1;nom
script;1;nom
sciences;1;nr
satisfazer;1;ver
sanitário;1;adj
sangue;1;nom
saneamento;1;nom
samuel;1;nom
salário;1;nom
salvar;1;ver
sacrificar;1;ver
sacada;1;nom
sabotar;1;ver
rádio;1;nom
rumo;1;nom
rsi;1;nr
roubar;1;ver
rosto;1;nom
rodrigo;1;nom
risco_lula;1;nr
rio;1;nom
rigoroso;1;adj
richard;1;nom
ribalta;1;nom
revelação;1;nom
reunião;1;nom
retórico;1;adj
retrato;1;nom
retratar;1;ver
retomar;1;ver
resumo;1;nom
resumir;1;ver
restrito;1;adj
restritivo;1;adj
restituição;1;nom
restaurante;1;nom
restabelecer;1;ver
ressurreição;1;nom
ressurgente;1;nr
responder;1;ver
respirador;1;adj
respeitar;1;ver
respeitado;1;adj
resolver;1;ver
resistir;1;ver
resiliência;1;nr
residência;1;nom
residual;1;adj
resgate;1;nom
resgatar;1;ver
resenha;1;nom
repórter;1;nom
repulsivo;1;adj
repudiar;1;ver
representativo;1;adj
reportagem;1;nom
repercutir;1;ver
repercussão;1;nom
repente;1;nom
repasse;1;nom
renúncia;1;nom
renzio;1;nr
renovar;1;ver
renovado;1;adj
renomear;1;nr
rendimento;1;nom
remeter;1;ver
religiosidade;1;nom
relatório;1;nom
relato;1;nom
reitor;1;nom
reiterar;1;ver
reinventar;1;ver
regulação;1;nom
regressão;1;nom
regressivo;1;adj
região;1;nom
regeneração;1;nom
rega;1;nom
refundar;1;ver
reflexo;1;nom
refletir;1;ver
referência;1;nom
reeleitoreiro;1;nr
reeleger;1;ver
reeditar;1;ver
reduzido;1;adj
recusar;1;ver
recuo;1;nom
recuar;1;ver
recorrer;1;ver
reconduzia;1;nr
recep;1;nr
recarga;1;nom
recado;1;nom
rebelar;1;ver
reafirmação;1;nom
reacionário;1;adj
raça;1;nom
raso;1;adj
rasgar;1;ver
raro;1;adj
ranking;1;nom
ranjan;1;nr
radicalização;1;nom
radicalismo;1;nom
rachadura;1;nom
químico;1;adj
quênia;1;nom
questo;1;nr
quartel;1;nom
quarta_feira;1;nr
quantidade;1;nom
qualificar;1;ver
quadro;1;nom
pôr;1;ver
pós_fascista;1;nr
pânico;1;nom
páreo;1;nom
punitivista;1;nr
punir;1;ver
pulmão;1;nom
psl_rj;1;nr
pró_vacina;1;nr
prêmio;1;nom
provocação;1;nom
prova;1;nom
protestar;1;ver
prosperity;1;nr
prorrogação;1;nom
proporcional;1;adj
propaganda;1;nom
promoção;1;nom
prolongar;1;ver
projétil;1;adj
proibitivamente;1;nr
progresso;1;nom
progressismo;1;nr
programar;1;ver
profundo;1;adj
proferido;1;adj
produção;1;nom
produtivo;1;adj
probabilidade;1;nom
privado;1;adj
prisioneiro;1;nom
prioritário;1;adj
prioridade;1;nom
primitivo;1;adj
primeiro_ministro;1;nr
primar;1;ver
previsão;1;nom
prever;1;ver
pretenso;1;adj
presumir;1;ver
prestígio;1;nom
prestigiar;1;ver
presságio;1;nom
presidencialismo;1;nom
presidencial;1;adj
preservar;1;ver
presença;1;nom
presente;1;nom
prescrever;1;ver
preocupante;1;adj
prenunciar;1;ver
prensa;1;nom
premissa;1;nom
prejudicar;1;ver
pregão;1;nom
pregador;1;nom
preferir;1;ver
prefeito;1;nom
predefinir;1;ver
precursor;1;nom
preconizar;1;ver
precondição;1;nom
preceder;1;ver
praveer;1;nr
praia;1;nom
pp_al;1;nr
poupado;1;adj
potencial;1;nom
postulação;1;nom
postos_chave;1;nr
posto;1;nom
posse;1;nom
populisprudência;1;nr
polo;1;nom
politização;1;nom
policromático;1;nr
policial;1;adj
polarizador;1;adj
po;1;nr
pleno;1;adj
plataforma;1;nom
planta;1;nom
planejamento;1;nom
pissarro;1;nr
pinheiro;1;nom
picasso;1;nom
peso;1;nom
peru;1;nom
pertencimento;1;nom
pertencer;1;ver
personalidade;1;nom
perseguição;1;nom
permissão;1;nom
permanecer;1;ver
perguntar;1;ver
perfeito;1;adj
perdoar;1;ver
pensamento;1;nom
pensador;1;nom
pendente;1;adj
penado;1;adj
pena;1;nom
pedófilo;1;nom
pedra;1;nom
pedagogia;1;nom
pdsb_sp;1;nr
pazuello;1;nr
paula;1;nom
patrocinar;1;ver
pato;1;nom
parâmetro;1;nom
partidário;1;nom
participante;1;nom
parler;1;nr
parecido;1;adj
parcial;1;adj
parceiro;1;nom
paraquedas;1;nr
paranoia;1;nr
paralisação;1;nom
paralisante;1;adj
par;1;nom
paolo;1;nom
palestra;1;nom
pagar;1;ver
padrão;1;nom
pacífico;1;adj
paciência;1;nom
oxigênio;1;nom
ouvir;1;ver
ouvido;1;nom
ostensivo;1;adj
osmar;1;nom
oriundo;1;adj
originar;1;ver
orientação;1;nom
orban;1;nr
opressor;1;adj
oposicionista;1;adj
oportunismo;1;nom
operar;1;ver
operandi;1;nr
oms;1;nr
omissão;1;nom
oferta;1;nom
ofender;1;ver
ocupante;1;nom
oculto;1;adj
ocultismo;1;nom
ocioso;1;adj
ocidente;1;nom
ocidental;1;adj
obter;1;ver
observação;1;nom
obscurecer;1;ver
objeto;1;nom
nítido;1;adj
níger;1;nr
nuançar;1;ver
novela;1;nom
notável;1;adj
notabilizar;1;ver
nota;1;nom
norte_americana;1;nr
normalizar;1;ver
normal;1;adj
nord;1;nr
nonsense;1;nr
nomear;1;ver
noite;1;nom
neutralizar;1;ver
netto;1;nr
neoliberal;1;adj
neo_evangélicas;1;nr
negociável;1;adj
negacionismo;1;nr
nefasto;1;adj
nayib;1;nr
narrativo;1;nom
narrador;1;nom
mínimo;1;adj
método;1;nom
médio;1;adj
máscara;1;nom
márcio;1;nom
mussolini;1;nom
munição;1;nom
município;1;nom
multilateralismo;1;nr
mpf;1;nr
moïsi;1;nr
movediço;1;adj
mote;1;nom
morto;1;adj
morales;1;nom
moraes;1;nom
monte;1;nom
montar;1;ver
montaigne;1;nom
monet;1;nom
momentâneo;1;adj
modus;1;nr
modificar;1;ver
modi;1;nr
moderar;1;ver
modelo;1;nom
mobilização;1;nom
mitologia;1;nom
mito;1;nom
mitch;1;nr
miséria;1;nom
misturar;1;ver
missão;1;nom
missouri;1;nom
misoginia;1;nr
mirar;1;ver
miranda;1;nom
mira;1;nom
minoria;1;nom
ministério;1;nom
mina;1;nom
militância;1;nom
militarização;1;nom
militante;1;nom
milhar;1;nom
microbiologista;1;nom
mexer;1;ver
mesa;1;nom
mergulho;1;nom
merecer;1;ver
menção;1;nom
mentiroso;1;nom
mentir;1;ver
mentalidade;1;nom
mencionar;1;ver
meloni;1;nr
meier;1;nr
meia;1;nom
megainvestidor;1;nr
medir;1;ver
medicamentar;1;ver
meado;1;nom
mcconnell;1;nr
mccartney;1;nr
matriz;1;nom
materializar;1;ver
materialismo;1;nom
matemático;1;nom
matar;1;ver
masculinidade;1;nom
maré;1;nom
março;1;nom
martínez;1;nr
marionete;1;nom
marine;1;nom
margem;1;nom
marca;1;nom
mar;1;nom
mao;1;nr
manutenção;1;nom
manto;1;nom
manipulação;1;nom
mando;1;nom
mandatário;1;nom
mandar;1;ver
manchete;1;nom
manancial;1;nom
mamar;1;ver
maio;1;nom
maia;1;nom
magistratura;1;nom
magistrado;1;nom
magia;1;nom
macron;1;nr
machado;1;nom
lópez;1;nom
língua;1;nom
luxo;1;nom
luva;1;nom
lutar;1;ver
luta;1;nom
luna;1;nr
lulopetista;1;nr
lulopetismo;1;nr
lulismo;1;nr
louro;1;nom
longo_prazo;1;nr
loja;1;nom
lockdown;1;nr
localizar;1;ver
livrar;1;ver
live;1;nr
linha;1;nom
linguagem;1;nom
ling;1;nr
lindberg;1;nr
limpar;1;ver
limbo;1;nom
light;1;nr
licença;1;nom
libertinagem;1;nom
letta;1;nr
lenha;1;nom
leiloamos;1;nr
legítimo;1;adj
legitimar;1;ver
legislador;1;nom
legado;1;nom
lava_jatismo;1;nr
lava;1;nom
lanterna;1;nom
laivo;1;nom
laboratório;1;nom
kremlin;1;nom
koike;1;nr
km;1;nr
kharis;1;nr
kesterbaum;1;nr
kennedy;1;nom
keiko;1;nr
kansas;1;nom
jurisprudência;1;nom
junho;1;nom
julgamento;1;nom
jr;1;nr
joão;1;nom
jovialidade;1;nom
journal;1;nr
josh;1;nr
jornalista;1;nom
john;1;nom
jocelyn;1;nr
jihadista;1;nr
jeito;1;nom
jato;1;nom
jardim;1;nom
jaqueira;1;nom
japão;1;nom
janis;1;nom
janeiro;1;nom
jaca;1;nom
iv;1;nr
item;1;nom
itaipu;1;nom
israel;1;nom
isentar;1;ver
isabel;1;nom
irrealidade;1;nom
ironia;1;nom
ira;1;nom
inúmero;1;adj
início;1;nom
inépcia;1;nom
inédito;1;adj
invés;1;nom
inviabilizar;1;ver
investigado;1;adj
invadir;1;ver
inusitado;1;adj
intuito;1;nom
intuitivo;1;adj
intimidar;1;ver
intervir;1;ver
intervencionista;1;adj
interno;1;adj
international;1;nr
internacionalizar;1;ver
interferência;1;nom
interessar;1;ver
interditar;1;ver
interagir;1;ver
intenção;1;nom
intensificação;1;nom
inteligência;1;nom
integrar;1;ver
integrante;1;nom
insurreição;1;nom
insuficiente;1;adj
instância;1;nom
institut;1;nr
instituir;1;ver
institucionalidade;1;nr
instinto;1;nom
instaurar;1;ver
instalar;1;ver
inspirar;1;ver
inspirador;1;adj
insistência;1;nom
insistir;1;ver
inserção;1;nom
inscrever;1;ver
inofensivo;1;adj
inocular;1;ver
inocente;1;adj
inocentar;1;ver
iniciar;1;ver
inicial;1;adj
inibir;1;ver
ingressar;1;ver
inglês;1;adj
ingenuidade;1;nom
infra-estrutura;1;nom
informação;1;nom
informalidade;1;nom
informal;1;adj
influxo;1;nom
inflacionário;1;adj
inexperiência;1;nom
inestimável;1;adj
inequívoco;1;adj
indústria;1;nom
indígena;1;adj
indivíduo;1;nom
indiscriminado;1;adj
indisciplina;1;nom
indicador;1;nom
indevido;1;adj
incumbente;1;nr
incrível;1;adj
incrustado;1;adj
incorreto;1;adj
inconstante;1;adj
incompleto;1;adj
incompetência;1;nom
incomodar;1;ver
incluído;1;adj
inclinaram_nas;1;nr
inclinar;1;ver
inclinado;1;adj
inacreditável;1;adj
imunizar;1;ver
impunidade;1;nom
impune;1;adj
impresso;1;adj
impressionismo;1;nom
impopular;1;adj
implicar;1;ver
impensável;1;adj
iminente;1;adj
imigração;1;nom
imigrante;1;nom
imediatismo;1;nom
imaginário;1;adj
ilusionista;1;nom
ilegítimo;1;adj
ii;1;nr
igreja;1;nom
ignorar;1;ver
ignorante;1;adj
idiossincrasia;1;nom
identificação;1;nom
identidade;1;nom
ideal;1;adj
idea;1;nom
iabloko;1;nr
humanitário;1;adj
hugo;1;nom
house;1;nr
hostil;1;adj
hospitalizar;1;ver
hospital;1;nom
horror;1;nom
honrado;1;adj
homogêneo;1;adj
homem;1;nom
hollande;1;nr
holandês;1;adj
hofstadter;1;nr
historiador;1;nom
hierarquia;1;nom
hidroxicloroquina;1;nr
hesitar;1;ver
herói;1;nom
herança;1;nom
hawley;1;nr
hannah;1;nr
haddad;1;nom
hacking;1;nr
habitual;1;adj
habitante;1;nom
gênero;1;nom
gâmbia;1;nom
guru;1;nom
guiar;1;ver
guarir;1;ver
gritar;1;ver
gripezinha;1;nr
grau;1;nom
grafar;1;ver
gozar;1;ver
gove;1;nr
gotemburgo;1;nr
gosto;1;nom
gonçalves;1;nom
gomes;1;nom
golpista;1;nom
golpe;1;nom
goleiro;1;nom
gol;1;nom
giovanni;1;nom
giorgia;1;nr
gigantesco;1;adj
geórgia;1;nom
getúlio;1;nom
geraldo;1;nom
gerador;1;nom
geracional;1;adj
geopolítico;1;adj
geográfico;1;adj
gentile;1;nr
genial;1;adj
geert;1;nr
gazprom;1;nr
gatilho;1;nom
gasolina;1;nom
gargalo;1;nom
gabinete;1;nom
fúria;1;nom
fórum;1;nom
fé;1;nom
função;1;nom
fundação;1;nom
funcional;1;adj
fujimori;1;nom
fugir;1;ver
fuga;1;nom
frustração;1;nom
frustrado;1;adj
frisar;1;ver
frequência;1;nom
freedom;1;nr
frear;1;ver
fração;1;nom
fraudulento;1;adj
fraude;1;nom
françois;1;nom
franger;1;ver
francês;1;adj
francisco;1;nom
fragilidade;1;nom
fracassar;1;ver
fortuna;1;nom
forno;1;nom
formulador;1;nom
formatada;1;nr
fonte;1;nom
folclore;1;nom
fogueira;1;nom
foco;1;nom
fobia;1;nom
floresta;1;nom
florescer;1;ver
flertar;1;ver
fissura;1;nom
fiscalista;1;nom
firme;1;adj
firbida;1;nr
fiocruz;1;nr
fingir;1;ver
financiamento;1;nom
financiador;1;nom
filipino;1;nom
filho;1;nom
fila;1;nom
figuração;1;nom
fgv;1;nr
fevereiro;1;nom
fev;1;nr
ferramenta;1;nom
fernando;1;nom
fernandes;1;nom
ferida;1;nom
feminilidade;1;nom
feliz;1;adj
fechamento;1;nom
favorecer;1;ver
favor;1;nom
fatiamento;1;nr
fascita;1;nr
farto;1;adj
facilidade;1;nom
face;1;nom
fabril;1;adj
extrema_direita;1;nr
extravagante;1;adj
extrair;1;ver
externalidade;1;nr
expressivo;1;adj
exportação;1;nom
exportador;1;nom
explícito;1;adj
explosão;1;nom
explodir;1;ver
explicitar;1;ver
experimento;1;nom
expansionista;1;adj
exigência;1;nom
execução;1;nom
executar;1;ver
exclusão;1;nom
excesso;1;nom
excessivo;1;adj
exaurido;1;adj
exagero;1;nom
ex_radialista;1;nr
ex_primeiro_ministro;1;nr
ex_premiê;1;nr
ex_estrategista;1;nr
ex_embaixadora;1;nr
evidência;1;nom
europas;1;nr
eurocéticos;1;nr
eugênio;1;nom
etéreo;1;adj
etnógrafo;1;nom
etnia;1;nom
etiópia;1;nom
eterno;1;adj
etc;1;nr
etanol;1;nom
estático;1;adj
estudo;1;nom
estudioso;1;nom
estruturado;1;adj
estridência;1;nom
estrela;1;nom
estranho;1;adj
estopim;1;nom
estereótipo;1;nom
estender;1;ver
estelionato;1;nom
esteira;1;nom
estatística;1;nom
estatuto;1;nom
estatistas;1;nr
estagnação;1;nom
estadual;1;adj
estabelecer;1;ver
essencial;1;adj
esquecer;1;ver
espiritismo;1;nom
esperado;1;adj
especulação;1;nom
especializar;1;ver
especializado;1;adj
especial;1;adj
espanha;1;nom
espada;1;nom
esmagador;1;adj
esgotar;1;ver
esforço;1;nom
esforçar;1;ver
escuridão;1;nom
escudo;1;nom
esclarecido;1;adj
escandaloso;1;adj
escancarar;1;ver
errar;1;ver
errado;1;adj
erdogan;1;nr
equilíbrio;1;nom
epítome;1;nom
episódio;1;nom
entusiasmado;1;adj
entristecer;1;ver
entrevistar;1;ver
entrevistado;1;nom
entravar;1;ver
entrar;1;ver
entranha;1;nom
enricar;1;ver
enorme;1;adj
engenharia;1;nom
enfático;1;adj
enfrentamento;1;nom
endossar;1;ver
endividar;1;ver
encarnação;1;nom
encarnar;1;ver
empresarial;1;adj
empresariado;1;nom
empoderamento;1;nr
empenhador;1;nr
emmanuel;1;nom
emitir;1;ver
emergência;1;nom
emergir;1;ver
embebido;1;adj
elétrico;1;adj
eloy;1;nom
elogiar;1;ver
elitismo;1;nom
eliminar;1;ver
elevar;1;ver
eleitorado;1;nom
el;1;nr
eixo;1;nom
eficiente;1;adj
efetuar;1;ver
editorial;1;adj
editor;1;nom
editar;1;ver
economista_chefe;1;nr
economist;1;nr
eco;1;nom
eclético;1;adj
dúzia;1;nom
dívida;1;nom
duterte;1;nr
duro;1;adj
dugin;1;nr
duda;1;nom
duce;1;nr
draghi;1;nr
doutrina;1;nom
dotar;1;ver
dose;1;nom
doria;1;nom
dominique;1;nom
domingo;1;nom
doença;1;nom
dobrar;1;ver
doação;1;nom
divulgação;1;nom
divino;1;adj
ditadura;1;nom
distúrbio;1;nom
distribuir;1;ver
distorção;1;nom
distinto;1;adj
distanciar;1;ver
dissolver;1;ver
disruptivas;1;nr
disputar;1;ver
disponível;1;adj
disfuncional;1;adj
disfarçar;1;ver
discussão;1;nom
discriminatório;1;adj
discrepar;1;ver
dinâmico;1;adj
dinheiro;1;nom
diligente;1;adj
dificultar;1;ver
diabo;1;nom
dezena;1;nom
devido;1;adj
deus;1;nom
detestar;1;ver
determinar;1;ver
deterioração;1;nom
deteriorar;1;ver
desvirtuar;1;ver
desventura;1;nom
desrespeito;1;nom
desprover;1;ver
despoluição;1;nom
desperdício;1;nom
despachar;1;ver
desorganizador;1;adj
desmoronar;1;ver
desinteresse;1;nom
desinstitucionalização;1;nr
designar;1;ver
desidratou;1;nr
desidratado;1;adj
desgaste;1;nom
desfigurado;1;adj
desestruturar;1;nr
desenvolver;1;ver
desenho;1;nom
desenhar;1;ver
desencorajar;1;ver
desencadear;1;ver
desemprego;1;nom
desempregado;1;adj
desempenho;1;nom
desempenhar;1;ver
desdobrar;1;ver
desculpa;1;nom
descrever;1;ver
descontrolado;1;adj
descontente;1;adj
descontentamento;1;nom
desconhecer;1;ver
desconfiar;1;ver
descobrir;1;ver
descaso;1;nom
descartável;1;adj
descambar;1;ver
descalibrado;1;nr
desastroso;1;adj
desastre;1;nom
desarranjo;1;nom
desaparecer;1;ver
desalento;1;nom
desafio;1;nom
desafiar;1;ver
desafiador;1;adj
desacreditar;1;ver
desabonador;1;adj
derrubar;1;ver
derrapagem;1;nom
derramamento;1;nom
derivado;1;adj
depreciação;1;nom
depender;1;ver
dependente;1;adj
departamento;1;nom
denunciar;1;ver
denominar;1;ver
demonstração;1;nom
democrata;1;nom
demarcação;1;nom
demagogia;1;nom
delícia;1;nom
deliberar;1;ver
deliberado;1;adj
delfim;1;nom
deletério;1;adj
degradação;1;nom
deformar;1;ver
defesa;1;nom
decência;1;nom
decreto;1;nom
decretar;1;ver
decorrente;1;adj
declarar;1;ver
decisório;1;adj
decisivo;1;adj
decepção;1;nom
decente;1;adj
david;1;nom
danoso;1;adj
daniel;1;nom
cínico;1;adj
curitiba;1;nom
curioso;1;adj
culminação;1;nom
crível;1;adj
crítico;1;nom
crédulo;1;adj
crueldade;1;nom
criatividade;1;nom
cpi;1;nr
cozinha;1;nom
cotação;1;nom
cotar;1;ver
cortejar;1;ver
corrupto;1;adj
corroer;1;ver
corrigir;1;ver
correto;1;adj
corporação;1;nom
corporativismo;1;nom
corporal;1;adj
coro;1;nom
corda;1;nom
coragem;1;nom
cor;1;nom
coquetel;1;nom
coordenador;1;nom
cooptação;1;nom
convocar;1;ver
convivência;1;nom
conveniência;1;nom
contábil;1;adj
contundente;1;adj
controverso;1;adj
contribuição;1;nom
contribuinte;1;nom
contrariar;1;ver
contramão;1;nom
contradição;1;nom
contorno;1;nom
conto;1;nom
conta;1;nom
consumir;1;ver
consumidor;1;nom
construção;1;nom
constrangido;1;adj
constrangedor;1;adj
constatação;1;nom
constatar;1;ver
conspiracionismo;1;nr
consistir;1;ver
considerável;1;adj
conservadorismo;1;nom
consequente;1;adj
conselho;1;nom
conselheiro;1;nom
consed;1;nr
consecutivo;1;adj
consciência;1;nom
consciente;1;adj
conquistar;1;ver
conotação;1;nom
conjunto;1;nom
conhecimento;1;nom
congelamento;1;nom
confusão;1;nom
conformar;1;ver
confiável;1;adj
configuração;1;nom
confiar;1;ver
condução;1;nom
condenação;1;nom
concordar;1;ver
concentrar;1;ver
conceitual;1;adj
comunitário;1;adj
comunista;1;adj
comunidade;1;nom
comum;1;adj
comprovação;1;nom
comprometimento;1;nom
comprometido;1;adj
comprometer;1;ver
compreensão;1;nom
compreender;1;ver
comportado;1;adj
componente;1;nom
complemento;1;nom
complacente;1;adj
competição;1;nom
compensar;1;ver
comissário;1;nom
começo;1;nom
comercial;1;adj
comer;1;ver
comentário;1;nom
combinar;1;ver
comando;1;nom
comandar;1;ver
colorado;1;nom
colonização;1;nom
colher;1;ver
colaborador;1;nom
coincidência;1;nom
coibir;1;ver
coelho;1;nom
cobrar;1;ver
cobra;1;nom
cloroquina;1;nr
climático;1;adj
claudicava;1;nr
classe;1;nom
citar;1;ver
circunscrever;1;ver
circular;1;ver
cigano;1;adj
ciente;1;adj
cibernético;1;adj
chão;1;nom
choque;1;nom
chocado;1;adj
cheio;1;adj
chegada;1;nom
chefe;1;nom
chave;1;nom
chateado;1;adj
charles;1;nom
certificação;1;nom
cerimônia;1;nom
cepa;1;nom
centralizado;1;adj
caçador;1;nom
cauteloso;1;adj
cautelar;1;adj
catástrofe;1;nom
categoria;1;nom
castração;1;nom
cascata;1;nom
cascar;1;ver
casar;1;ver
carta;1;nom
carro;1;nom
carregador;1;nom
carismático;1;adj
cara;1;nom
capítulo;1;nom
capitalista;1;adj
capaz;1;adj
capacidade;1;nom
caneta;1;nom
candidatura;1;nom
candidatar;1;ver
cameral;1;nr
camargo;1;nom
caldeirão;1;nom
calar;1;ver
caixa_branca;1;nr
caixa;1;nom
caitlin;1;nr
caderno;1;nom
cadeia;1;nom
cabelo;1;nom
cabal;1;adj
bôas;1;nr
bíblia;1;nom
báltico;1;adj
buraco;1;nom
bukele;1;nr
bucci;1;nr
brutal;1;adj
bronco;1;nom
britânico;1;adj
brincadeira;1;nom
botânico;1;nom
botar;1;ver
borda;1;nom
bolívia;1;nom
bolsonarista;1;nr
bolsonariano;1;nr
bolso;1;nom
boi;1;nom
boca;1;nom
bobo;1;adj
bloquear;1;ver
bloco;1;nom
bioma;1;nom
berlusconi;1;nom
benjamim;1;nom
benigno;1;adj
benfazejo;1;adj
benesse;1;nom
bem_vindos;1;nr
bem_estar;1;nr
beirar;1;ver
bbb;1;nr
bater;1;ver
barrar;1;ver
barranco;1;nom
bar;1;nom
banho;1;nom
bandeira;1;nom
bancada;1;nom
bala;1;nom
baixeza;1;nom
azeitou;1;nr
azedava;1;nr
aventura;1;nom
avançar;1;ver
auxiliar;1;ver
autêntico;1;adj
autossuficiência;1;nr
autonomia;1;nom
autocrático;1;adj
autocracia;1;nom
autocompreensão;1;nr
ausência;1;nom
atávico;1;adj
atuação;1;nom
attuch;1;nr
atrasado;1;adj
atrapalhar;1;ver
atraente;1;adj
ator;1;nom
ativista;1;adj
atirador;1;nom
atingir;1;ver
atar;1;ver
atacante;1;nom
assombrar;1;ver
assistência;1;nom
assinar;1;ver
assemelhar;1;ver
assembleia;1;nom
assegurar;1;ver
asfixia;1;nom
ascender;1;ver
artéria;1;nom
articular;1;ver
arrecadação;1;nom
armado;1;adj
armada;1;nom
argumentar;1;ver
arendt;1;nr
arena;1;nom
areia;1;nom
arbítrio;1;nom
arbitragem;1;nom
ar;1;nom
apuro;1;nom
aproximar;1;ver
aprovação;1;nom
apropriação;1;nom
aprofundar;1;ver
aprofundador;1;nr
aprimorar;1;ver
apresentado;1;adj
aplicado;1;adj
aperto;1;nom
aperfeiçoamento;1;nom
apelar;1;ver
apavorar;1;ver
aparente;1;adj
aparelhamento;1;nom
apalaches;1;nr
análise;1;nom
anunciar;1;ver
anulação;1;nom
antivaxxers;1;nr
antivacinação;1;nr
antivacinas;1;nr
antivacina;1;nr
antipolíticas;1;nr
antipluralismo;1;nr
anti_semitas;1;nr
anti_putin;1;nr
anti_governamentais;1;nr
anti_elitistas;1;nr
antecipar;1;ver
antecipado;1;adj
antecessor;1;nom
antagonista;1;nom
ansiar;1;ver
annika;1;nr
animosidade;1;nom
angola;1;nom
angelo;1;nr
angariar;1;ver
andrzej;1;nr
ancorar;1;ver
anatomia;1;nom
analisar;1;ver
amplo;1;adj
ampliação;1;nom
ampliar;1;ver
amoêdo;1;nr
amistoso;1;adj
americans;1;nr
ameaçador;1;adj
ambíguo;1;adj
ambição;1;nom
ambiente;1;nom
ambiental;1;adj
amazônico;1;adj
amarrar;1;ver
amalgamar;1;ver
amaldiçoar;1;ver
altar;1;nom
almoço;1;nom
alimentar;1;ver
aliança;1;nom
alexandre;1;nom
alemão_americano;1;nr
aleksandr;1;nr
aleatório;1;adj
alckmin;1;nom
alastrar;1;ver
alarmante;1;adj
ajustar;1;ver
ajph;1;nr
agulha;1;nom
agrupamento;1;nom
agressão;1;nom
agressivo;1;adj
agressividade;1;nom
agregar;1;ver
agredir;1;ver
agravante;1;nom
agradar;1;ver
agir;1;ver
afundar;1;ver
afinidade;1;nom
afamado;1;adj
advertência;1;nom
advertir;1;ver
adverso;1;adj
adotado;1;adj
adorar;1;ver
administração;1;nom
adicional;1;adj
adesão;1;nom
adequar;1;ver
adequado;1;adj
adepto;1;nom
acusação;1;nom
acostumado;1;adj
acompanhar;1;ver
acirrar;1;ver
acirrado;1;adj
acidente;1;nom
acesso;1;nom
acessar;1;nr
acertar;1;ver
acentuar;1;ver
acender;1;ver
acelerar;1;ver
acelerado;1;adj
abrasel;1;nr
abandono;1;nom
abalo;1;nom
abalado;1;adj