bolsonaro;101;48;50;68;48
governo;82;63;42;44;75
presidente;80;37;28;35;51
país;21;61;33;68;57
brasil;43;44;25;45;41
ano;13;61;11;65;52
dizer;38;30;27;62;38
político;17;26;39;87;27
política;17;15;28;87;35
porcento;14;71;1;9;4
direito;4;8;58;57;32
novo;12;29;9;48;34
trump;2;1;12;29;103
mesmo;30;33;15;44;27
populismo;23;25;17;60;15
mundo;5;13;1;73;21
pandemia;10;49;17;34;15
público;18;44;23;34;4
social;6;31;31;49;9
econômico;33;29;14;38;12
brasileiro;13;30;27;18;13
dar;29;25;4;43;17
vez;18;26;18;34;23
partido;5;1;11;26;58
economia;35;53;7;17;9
mercado;70;19;5;6;2
democracia;2;5;40;44;17
dever;11;20;17;30;33
eleição;10;1;11;22;59
vacina;6;8;3;13;5
grande;25;12;17;29;15
lula;47;2;2;16;8
só;13;20;8;42;17
pessoa;1;7;6;64;14
maior;23;23;4;21;12
relação;10;13;10;27;23
caso;18;24;4;17;14
afirmar;13;18;16;18;16
populista;7;6;14;35;28
lei;21;17;16;10;6
líder;5;2;7;36;33
parecer;8;6;7;35;20
preço;19;53;1;2;1
saúde;7;38;2;13;8
nacional;5;15;15;8;16
querer;17;6;3;37;16
último;5;8;7;29;29
empresa;36;19;5;8;7
ficar;17;19;1;27;12
americano;0;7;9;21;38
vir;18;10;9;30;7
ministro;26;13;6;2;3
meio;14;15;8;29;9
medida;10;32;11;8;13
liberal;23;3;31;17;3
dia;15;14;2;15;22
precisar;11;12;7;27;17
passar;6;11;8;24;12
forma;15;8;8;38;5
deixar;5;12;14;27;9
fiscal;13;47;2;3;3
democrático;3;2;36;22;13
chegar;5;21;5;15;22
eua;2;5;2;7;52
grupo;13;6;6;22;11
defender;7;11;20;18;11
paulo;36;12;3;9;0
imprensa;8;1;47;6;1
biden;2;2;1;6;56
projeto;25;11;5;13;6
importante;3;8;14;20;14
próprio;9;11;24;9;7
arma;3;10;5;4;3
liberdade;0;0;50;4;4
sociedade;3;6;14;37;2
levar;8;16;4;22;11
tornar;3;12;7;19;13
republicano;1;0;4;11;45
passado;3;25;1;12;17
instituição;4;5;24;26;4
falar;11;6;4;28;11
saber;8;11;1;28;9
fato;13;6;7;24;8
risco;10;26;9;8;6
federal;8;7;3;2;4
coisa;4;4;1;38;7
problema;8;12;3;25;6
contar;19;9;2;14;14
atual;15;9;15;11;6
acontecer;4;7;2;32;14
rcifrão;15;25;1;0;2
mostrar;18;11;7;10;12
congresso;10;19;1;6;19
acreditar;21;5;1;22;7
principal;2;8;5;15;18
petrobras;49;4;0;1;0
momento;11;6;12;21;4
história;3;5;3;27;12
força;0;4;22;7;17
exemplo;4;8;8;18;9
unido;1;4;4;11;33
achar;13;2;3;25;5
eleitoral;9;4;10;13;17
jair;14;5;12;6;12
conseguir;4;12;1;12;14
crise;3;12;6;16;15
vida;4;6;15;12;5
valor;8;18;7;14;1
processo;3;6;5;21;6
gente;11;5;4;21;3
efeito;8;20;4;13;5
continuar;9;4;1;17;15
candidato;16;1;2;3;20
autoritário;3;1;21;25;1
voto;6;4;0;9;21
voltar;7;12;7;11;9
questão;4;4;2;23;7
diferente;1;1;6;24;9
resultado;2;19;7;10;9
reforma;24;18;1;2;1
perder;12;4;8;16;10
militar;5;7;15;2;15
esquerdo;1;2;6;25;13
difícil;3;4;4;26;10
aumento;2;33;3;7;2
segurança;0;6;14;4;10
povo;2;1;6;23;7
discurso;7;7;8;23;4
colocar;5;5;5;9;18
próximo;5;13;1;4;21
manter;2;7;9;17;11
longo;4;17;4;9;10
deputado;1;4;5;5;12
câmara;2;5;3;3;10
considerar;3;9;4;15;13
bom;8;12;2;17;5
bem;4;9;3;28;4
acabar;13;1;2;14;13
melhor;12;10;1;19;4
global;3;8;7;15;9
covid_19;1;18;4;12;4
china;2;0;1;5;31
aumentar;4;23;1;11;4
alto;2;31;3;4;2
agenda;20;13;5;6;2
humano;0;1;9;6;3
auxílio;0;44;0;0;0
apoio;11;8;4;6;14
sistema;2;7;12;12;6
mês;1;16;1;3;18
livro;2;0;3;23;5
ideia;4;6;1;22;5
ganhar;4;0;9;14;16
financeiro;29;6;1;5;3
emergencial;3;37;0;0;0
decisão;14;1;4;9;4
ação;14;11;6;7;4
possível;5;11;4;17;6
mídia;2;2;5;24;5
movimento;3;4;4;18;11
investimento;9;21;0;3;3
frente;8;8;1;4;16
começar;1;12;1;19;10
claro;3;3;5;19;9
violência;1;4;10;14;8
república;4;9;10;5;3
lado;2;4;8;11;10
internacional;1;3;4;20;8
gestão;9;7;7;11;6
existir;1;7;4;21;1
casa;5;2;1;8;14
campanha;1;7;7;5;16
seguir;3;3;2;13;19
preciso;14;6;0;11;7
população;1;11;10;14;1
jornalista;7;0;15;8;4
criar;1;13;3;15;3
usar;1;8;5;17;4
sair;4;6;7;12;8
rede;3;3;13;12;6
número;5;15;3;3;2
guerra;1;5;3;18;12
esperar;11;11;0;2;12
constituição;0;10;17;5;4
cenário;10;14;5;4;5
caminho;3;11;1;7;16
vacinação;2;18;3;4;4
setor;7;17;1;7;0
semana;4;11;0;9;12
produto;3;15;1;6;0
presidência;6;3;1;4;9
falta;4;9;1;10;3
donald;1;0;3;2;28
certo;2;5;4;18;6
branco;8;1;1;8;10
ponto;0;6;18;8;1
guedes;28;7;3;0;0
controlo;5;13;3;5;5
gasto;4;27;0;1;1
folha;16;4;5;3;5
espaço;7;8;6;7;8
acordo;0;5;2;5;22
visão;12;5;4;10;0
tratar;0;6;8;13;3
situação;4;8;4;13;3
polícia;0;2;4;2;12
pior;7;10;1;16;2
gerar;4;23;2;6;1
década;5;2;3;13;10
chamar;2;3;5;11;10
regime;8;2;8;11;5
produzir;0;6;2;8;4
mudar;2;1;1;22;5
mudança;6;13;3;10;4
enfrentar;3;11;5;10;3
educação;1;25;0;3;0
debate;6;3;6;13;4
baixo;2;16;1;9;4
ataque;0;0;28;3;1
aprovar;5;17;0;1;6
uso;0;8;8;5;1
trazer;6;12;0;12;3
tomar;8;2;2;9;11
professor;0;2;8;12;6
permitir;4;6;3;12;4
morte;0;13;2;9;3
liberalismo;4;0;19;10;0
inflação;4;25;0;3;0
expressão;0;1;25;3;3
ex_presidente;13;0;4;4;6
contrário;4;7;9;6;7
ambiente;7;8;3;15;2
viver;0;1;4;21;3
termo;0;2;8;15;0
recurso;4;17;2;3;1
receber;5;2;1;11;11
pesquisa;5;7;1;4;5
papel;2;0;8;15;6
milhão;3;11;1;6;8
futuro;3;7;3;14;4
entrar;8;0;2;12;7
energia;9;15;0;2;0
combustível;8;25;0;0;0
cargo;3;1;5;2;18
campo;2;5;11;13;1
tema;0;5;1;18;2
século;1;0;5;19;3
responsabilidade;5;8;6;7;2
reduzir;5;17;2;6;2
necessário;4;12;5;5;2
impedir;8;6;3;5;9
general;11;0;4;1;8
europeu;2;3;0;4;20
apresentar;3;5;6;9;4
tribunal;1;5;4;3;0
supremo;3;0;1;2;2
redução;4;17;3;3;3
pt;11;1;1;12;5
proposta;1;17;2;4;3
programa;5;13;3;2;1
polarização;1;5;8;12;1
modo;5;4;9;9;0
incluir;1;6;2;4;10
europa;0;4;0;2;25
democrata;0;1;6;7;17
recente;5;5;1;11;2
lira;3;1;0;9;2
instituto;3;1;1;5;2
evitar;1;5;5;5;13
estatal;22;2;0;0;0
escrever;2;1;1;15;4
cair;10;11;3;6;1
volta;7;7;1;8;6
subir;8;18;0;2;0
representar;2;5;5;12;3
lugar;4;1;1;16;8
forte;2;5;3;6;12
crítica;3;3;12;6;5
civil;0;4;6;13;3
apoiar;1;3;2;6;13
ameaça;6;8;10;1;4
sinal;8;4;2;7;7
sentido;0;2;3;18;3
senado;0;4;0;0;13
romance;0;0;0;12;0
real;4;15;1;2;2
publicar;4;2;4;9;0
protesto;0;4;3;8;10
posse;3;1;2;1;16
pequeno;7;2;0;12;3
oposição;1;2;6;6;11
ocorrer;3;3;3;11;6
ministério;4;11;2;2;1
maneira;0;6;4;12;3
juro;3;23;0;1;0
inteligência;1;0;1;1;1
imposto;1;15;2;2;6
explicar;3;5;2;10;4
estratégia;0;3;12;7;7
dólar;9;14;0;1;1
crime;4;6;3;3;1
crescimento;4;15;1;4;3
único;1;7;2;13;3
tradicionalismo;0;0;0;15;2
regra;5;5;3;6;4
presidencial;0;0;2;2;21
limite;1;12;1;9;2
lembrar;2;4;3;10;5
início;8;5;4;6;2
intervenção;18;4;4;1;0
impacto;2;18;1;5;0
garantir;5;4;1;5;6
final;1;7;0;8;10
banco;12;10;0;3;1
ajudar;1;2;6;9;7
vender;16;2;0;4;1
responder;4;5;1;6;3
possibilidade;4;7;2;7;5
mandato;3;3;9;6;5
interesse;3;2;11;4;4
defesa;4;1;12;1;2
central;3;9;1;8;5
capaz;3;5;1;13;2
vista;2;2;12;4;3
união;5;10;1;0;9
temer;15;1;1;5;2
stf;0;0;5;4;0
pensar;2;1;2;16;3
nível;0;9;4;6;4
notícia;6;5;2;8;4
ideológico;6;0;9;8;1
golpe;3;2;9;2;9
executivo;4;15;1;2;1
empresário;14;7;0;1;2
depender;0;3;4;11;3
constitucional;1;5;13;0;0
capacidade;0;11;6;2;1
autor;2;0;2;17;3
artigo;3;3;9;6;1
valer;5;4;5;6;0
turno;8;2;1;4;6
tentativa;5;3;6;2;6
significar;0;7;1;5;5
queda;1;11;2;6;4
prático;2;1;9;6;3
preocupação;3;12;2;2;2
prazo;1;17;1;2;0
plano;5;4;1;2;11
nome;6;2;5;1;5
médio;1;8;2;12;2
moderno;0;1;6;16;1
itália;0;2;0;1;19
italiano;2;0;0;5;15
geração;1;6;0;15;0
geral;4;3;2;12;0
fossar;0;6;6;4;5
encontrar;5;5;2;5;6
desigualdade;2;6;0;16;0
desenvolvimento;4;3;4;11;0
crescer;0;4;1;15;3
cidadão;0;2;7;10;2
base;2;4;9;3;3
assumir;2;2;1;10;8
amigo;3;1;2;10;2
ambiental;3;4;0;12;3
área;5;7;4;3;2
vírus;0;11;2;2;5
tipo;2;2;5;9;2
taxa;1;21;0;1;1
responsável;5;6;2;5;0
região;0;0;0;13;11
realidade;0;2;2;15;2
posição;4;2;6;6;6
perceber;1;0;4;12;2
organização;0;0;9;10;5
nação;4;1;2;9;6
mentira;4;0;10;2;4
justiça;2;1;4;2;0
família;6;6;3;3;3
extremo;0;0;2;14;7
avanço;4;5;3;7;1
ato;3;3;6;0;6
washington;0;0;0;1;20
usado;1;3;6;1;2
transformar;3;1;1;11;4
resposta;0;2;3;11;5
prever;2;8;3;6;1
pedir;6;1;3;5;6
partir;1;3;3;3;7
livre;1;2;8;5;7
liderança;0;0;6;12;3
jornal;8;0;4;8;0
investidor;19;2;0;1;0
impor;5;6;2;1;3
figura;1;1;4;11;3
entrevista;5;2;1;6;4
economista;12;8;0;2;0
diferença;2;2;0;14;4
custo;2;17;1;0;0
corrupção;2;0;0;9;3
conservador;0;0;9;7;5
conselho;15;1;1;2;3
cientista;0;0;2;9;5
centro;4;0;0;11;3
américa;0;0;0;17;6
adotar;2;4;1;11;3
acesso;0;1;2;10;2
abrir;1;9;0;2;8
série;1;1;2;11;0
sol;0;0;0;2;1
serviço;1;14;0;0;3
sanitário;3;7;3;4;2
razão;1;7;1;7;2
pressão;8;6;2;1;2
obra;1;3;1;6;5
news;7;1;5;1;2
necessidade;1;4;6;7;2
juiz;1;1;4;6;4
janeiro;1;7;4;0;7
inimigo;4;1;8;7;2
filho;1;0;3;8;6
esforço;1;8;2;5;4
entender;3;2;1;14;1
decreto;3;4;2;1;0
comercial;0;2;0;1;17
causa;1;4;4;7;3
apontar;3;2;2;11;2
tirar;2;6;2;5;5
tender;1;2;6;8;4
sofrer;4;2;6;4;1
período;2;5;5;4;5
ordem;1;1;8;4;3
importar;0;2;1;6;0
governador;3;4;3;5;3
fundo;7;3;0;4;4
estabelecer;2;4;9;4;1
escritor;0;0;0;13;0
emprego;3;14;0;0;0
eleitor;3;0;1;8;8
desafio;0;4;4;7;6
derrota;0;2;0;2;16
criticar;5;1;11;1;3
coronavírus;0;5;2;7;3
conta;3;9;3;3;1
condição;1;5;2;4;4
comando;8;1;0;2;2
científico;0;1;7;8;1
chance;10;1;0;4;3
chamado;5;0;3;7;0
anterior;2;1;2;9;3
ajuda;5;2;3;5;3
aberto;3;3;1;5;5
sugerir;0;2;2;5;7
retorno;4;3;2;3;4
petróleo;4;14;0;1;0
pesquisador;0;0;4;4;4
neoliberal;0;2;17;0;0
milícia;3;1;10;2;1
manaus;0;7;0;3;1
liderar;2;2;0;4;7
koch;0;1;0;7;8
investir;6;2;0;1;0
indústria;2;5;0;3;2
escola;1;3;1;12;2
ditadura;0;3;9;1;4
dinheiro;6;5;0;5;4
dilma;10;8;0;1;1
despesa;2;17;0;0;0
corte;1;2;5;3;6
confiança;8;4;1;2;5
ciência;0;3;3;11;1
cidade;1;2;0;9;2
aprovação;4;10;2;0;3
apoiador;1;0;3;8;7
senador;0;1;0;0;13
rico;0;6;3;5;3
popular;1;8;4;5;1
pec;0;18;0;0;0
negro;1;1;1;10;3
mundial;1;5;0;4;8
membro;9;1;1;1;7
local;0;2;6;1;6
fundamental;0;3;8;6;1
evento;1;1;4;7;6
estimular;2;4;2;0;7
equipa;12;6;0;0;1
diverso;6;1;6;3;1
cultural;0;0;1;16;0
controlar;1;9;2;3;2
consequência;0;8;1;6;1
conhecido;1;1;0;5;9
combate;0;6;1;6;1
clima;3;2;2;4;7
ciclo;0;1;1;12;2
centrão;3;6;2;1;6
carta;3;1;5;0;9
ativo;8;4;2;2;0
atingir;2;7;0;5;4
acusar;4;0;3;5;2
índio;0;1;0;3;5
votar;1;2;3;0;10
vitória;1;0;1;5;9
vencer;1;1;1;5;5
tradicional;1;0;1;5;7
seguidor;0;0;0;12;6
russo;3;3;0;2;5
resultar;6;6;3;0;1
repetir;1;3;1;2;10
proteção;0;2;8;4;3
proteger;1;4;3;7;1
privado;3;6;1;4;2
popularidade;4;8;0;4;2
pauta;4;1;4;6;0
parlamento;3;1;2;2;9
palavra;1;1;1;7;4
objectivo;3;1;3;7;1
negócio;1;2;0;6;7
morrer;0;1;2;10;1
menor;4;10;0;0;3
ler;0;2;0;12;3
jornalismo;1;0;3;12;1
jogar;10;4;1;3;0
joe;1;0;0;1;16
institucional;2;1;6;5;2
inquérito;3;1;2;0;2
informação;1;0;10;3;0
incerteza;7;10;1;0;0
imagem;1;1;1;8;3
histórico;0;1;3;4;6
governar;1;1;3;7;6
fácil;1;2;1;10;1
funcionar;2;0;4;8;3
especialista;0;3;7;2;4
envolver;1;5;1;6;3
eleger;3;1;6;3;2
devido;1;2;4;4;5
coalizão;0;1;1;1;15
candidatura;5;0;0;3;6
busca;5;1;3;5;2
bannon;0;0;0;3;1
autoridade;2;3;5;2;3
ascensão;2;1;1;11;3
amplo;1;4;1;4;6
vacinar;6;3;3;2;2
universidade;1;1;1;7;2
suposto;1;1;8;1;3
saída;5;0;1;1;8
renda;0;12;0;3;1
qualidade;0;1;1;12;1
pessoal;2;1;4;2;7
pergunta;2;0;0;7;3
oxigênio;0;2;0;2;0
narrativa;0;0;2;11;2
mulher;1;0;1;9;4
indicar;2;3;0;8;3
homem;1;0;0;10;4
funcionário;4;2;0;2;8
exército;1;2;2;1;1
exigir;1;7;1;1;3
estrutura;0;3;4;8;1
escolha;5;0;2;3;5
direção;2;3;1;4;6
diretor;5;1;0;8;2
direto;2;6;2;3;2
diesel;3;13;0;0;0
destacar;2;1;8;0;2
cercar;0;5;0;3;1
avaliar;3;3;0;6;2
atenção;3;5;2;1;4
armado;0;0;11;0;1
argumento;0;4;4;6;1
aprender;1;0;0;1;4
aliado;2;5;0;0;9
agência;8;2;1;2;2
adversário;1;0;2;6;5
veículo;2;0;9;3;1
tributário;3;12;1;0;0
texto;1;4;0;4;1
terminar;3;4;1;2;4
teoria;0;2;1;9;3
tecnologia;0;1;1;4;1
surgir;0;1;8;3;2
silva;11;0;0;0;0
ruim;8;4;0;2;1
rio;1;2;4;0;1
resolver;7;2;1;3;2
recuperação;0;10;0;1;4
recuperar;4;4;1;3;4
preferir;2;2;2;5;3
perspectiva;0;3;2;6;2
parlamentar;1;0;2;3;5
pagar;5;8;0;0;3
olhar;0;0;2;9;1
medo;3;0;2;4;7
manifestação;4;1;3;3;3
maia;2;3;0;4;1
legal;4;6;1;3;1
lançar;2;3;0;3;6
jogo;2;0;0;10;3
imaginar;2;0;0;11;1
ideologia;0;1;6;8;1
frança;0;1;0;4;9
enorme;1;5;0;3;5
eletrobras;8;6;0;0;0
definir;1;0;1;6;5
decidir;0;4;1;6;2
curto;1;10;1;2;1
cultura;0;0;3;9;3
citar;4;4;3;0;1
chinês;0;0;0;1;3
chefe;1;0;1;3;11
buscar;3;2;3;2;2
bolsa;9;5;1;1;0
antigo;1;0;0;8;5
ameaçar;7;1;2;0;4
amazônia;0;0;0;2;13
agir;2;3;1;7;0
administração;9;0;3;3;1
aceitar;2;2;5;2;4
via;5;1;5;1;3
velho;1;1;3;6;1
torno;0;2;3;5;5
the;1;1;0;6;3
teto;0;11;0;0;0
superar;3;1;0;6;2
relevante;2;1;1;6;0
reforçar;0;1;7;0;4
reeleição;6;1;2;4;0
provocar;0;6;3;0;5
promover;2;7;1;2;1
profundo;0;2;0;12;0
produção;0;3;0;1;1
preparar;3;4;2;0;2
pobre;1;5;5;3;0
orçamento;1;13;0;0;0
organizar;1;1;2;9;2
norma;3;2;6;0;0
negativo;6;5;1;2;0
navalni;2;1;1;0;3
mão;4;0;3;7;1
máquina;1;2;1;2;1
marcar;0;2;3;7;2
lógica;5;3;1;6;0
literatura;0;0;1;13;0
listar;0;3;0;0;9
isolamento;0;3;3;7;1
investigação;0;0;1;1;3
insumo;1;3;0;0;0
iniciativa;4;9;2;0;0
importância;0;1;6;3;4
impeachment;2;1;2;1;8
gás;3;9;1;1;1
gostar;1;3;1;7;3
frio;0;2;0;5;6
fortalecer;2;2;1;6;3
erro;4;1;1;4;4
dose;3;5;0;0;0
disputa;2;1;0;2;9
crítico;2;0;3;8;1
conversa;3;1;0;5;3
contexto;1;4;3;6;0
conspiração;0;0;1;9;2
conflito;0;0;3;8;4
comum;1;0;5;6;0
compromisso;1;6;6;0;1
começo;1;3;2;6;3
cena;0;2;3;7;2
capitólio;0;1;1;0;13
caminhoneiro;8;5;0;0;1
básico;0;9;2;2;1
beneficiar;4;0;1;6;3
bater;2;2;0;2;2
avançar;1;2;3;5;2
autoritarismo;0;0;12;1;1
anunciar;7;1;0;4;2
alternativo;2;1;1;11;0
alimentar;7;2;0;2;2
acompanhar;3;0;0;4;5
abertura;4;1;2;1;1
ódio;0;0;5;5;4
época;1;0;4;5;2
uscifrão;2;4;0;0;5
trajetória;1;1;0;10;0
tradição;0;0;4;4;3
time;1;0;0;5;3
teitelbaum;0;0;0;11;0
superior;1;7;2;0;1
solução;2;0;2;2;7
socialista;0;0;7;0;6
rússia;1;2;0;1;8
rodada;2;11;0;1;0
refletir;6;0;2;3;1
reconhecer;1;1;4;5;3
quarta_feira;1;1;0;3;8
policial;0;5;4;0;1
piso;0;10;0;0;0
onda;1;1;5;4;2
março;1;3;1;2;2
latino;0;0;0;11;3
judiciário;0;2;6;2;4
influência;0;0;3;7;1
independente;2;1;2;3;2
implementar;0;8;2;3;1
idoso;2;0;0;8;1
idade;1;0;0;5;1
governante;0;3;7;1;1
falso;0;0;4;6;4
expressar;3;0;1;9;1
exercer;0;0;8;3;2
espécie;1;0;5;5;0
duro;3;4;4;0;3
discutir;1;4;1;5;1
dificuldade;3;7;0;4;0
desinformação;0;0;8;3;3
demorar;1;5;1;0;3
demonstrar;1;1;7;1;4
declínio;1;1;7;4;0
costumar;1;3;3;6;1
construir;1;0;1;5;4
comprar;1;6;1;1;0
combater;0;3;5;4;2
clássico;1;1;2;8;1
calamidade;1;11;0;1;0
avaliação;3;2;2;4;1
atuar;2;3;2;4;1
atacar;1;0;5;5;3
aspecto;0;2;3;7;0
ampliar;2;8;1;0;1
alcançar;3;3;2;5;1
administrativo;5;8;0;0;0
abandonar;2;1;1;3;3
óbvio;0;4;0;6;3
trumpismo;0;0;2;3;6
trabalhar;5;0;0;6;2
tesouro;2;8;0;2;0
suficiente;0;2;0;2;8
segunda_feira;3;2;0;0;1
salvar;2;2;2;5;1
rodrigo;0;2;0;1;2
resistência;4;1;1;4;1
reportagem;7;0;1;3;0
religioso;0;0;0;11;1
reação;6;2;1;1;3
pôr;2;0;1;7;3
prova;0;3;1;3;1
presente;0;2;4;3;4
postura;2;2;3;6;0
positivo;1;5;0;5;1
poderoso;0;0;1;8;3
pobreza;1;2;0;9;1
planalto;4;7;1;1;0
piorar;3;7;0;1;1
pib;0;12;0;0;1
personagem;0;0;0;4;0
permanecer;2;2;0;5;3
otavio;2;0;2;2;4
opinião;2;0;3;6;2
oferecer;0;2;0;5;3
negar;1;1;3;3;1
mínimo;0;6;2;2;0
massa;2;2;4;5;0
lsn;0;0;8;0;0
leitura;0;1;0;10;0
intenção;4;2;0;1;4
influenciar;0;1;4;5;1
indivíduo;0;1;2;9;0
independência;0;0;7;0;6
garantia;0;1;7;1;3
fenômeno;2;0;0;10;1
externo;1;2;0;2;6
exterior;1;2;0;0;4
essencial;1;6;0;6;0
esperança;2;0;0;6;4
elétrico;8;5;0;0;0
dívida;1;10;0;1;1
diplomacia;0;0;0;1;9
determinado;0;1;2;7;1
destruição;0;1;3;6;2
cumprir;2;4;1;0;4
conjunto;0;0;0;9;3
comunicação;1;1;8;1;0
coletivo;0;0;2;9;2
classe;0;0;2;8;2
causar;0;5;2;4;1
benefício;0;8;1;1;2
bbc;7;0;0;1;0
arthur;0;0;1;4;2
agravar;1;4;1;7;0
vítima;1;1;0;6;4
votação;0;4;2;1;1
vontade;1;1;1;7;1
vivo;0;0;0;3;7
universo;0;3;2;3;0
tradicionalista;0;0;0;8;1
terra;2;2;1;1;4
tendência;0;0;3;8;1
sucesso;1;1;1;1;6
simples;0;1;1;8;0
servir;2;2;3;4;0
sentir;2;1;0;5;2
retirar;0;6;0;1;2
restrição;0;2;7;1;1
representante;4;0;1;5;2
recorde;4;4;0;0;3
realizar;2;3;0;2;4
questionar;0;0;2;5;5
quarto;3;2;0;1;3
quadro;3;3;0;4;2
provável;2;0;1;3;5
prometer;0;6;0;2;4
prioridade;3;1;0;0;4
preocupar;0;5;1;4;1
partidário;1;0;0;5;4
participação;7;1;2;1;0
ouvir;4;3;1;3;0
oportunidade;3;0;1;5;1
ocupar;1;3;1;0;5
moeda;1;10;0;0;0
metade;0;4;0;7;1
luta;0;1;1;3;5
lidar;0;4;1;3;3
leitor;1;0;0;9;0
legislativo;1;8;1;1;1
justificar;3;1;2;4;1
junto;1;3;1;1;5
judicial;0;0;1;6;0
ishiguro;0;0;0;4;0
irmão;1;0;1;1;8
invasão;0;1;1;1;7
interno;0;6;0;0;6
incentivo;1;1;2;2;1
importação;3;3;0;0;0
identificar;0;0;1;6;4
gabinete;0;0;1;0;10
função;2;4;1;1;1
fogo;3;2;0;2;0
ferreira;9;0;0;0;0
estudo;2;1;3;3;1
errado;2;1;0;4;3
emoção;0;0;0;8;1
elevação;0;10;0;0;0
elemento;0;0;0;8;4
eduardo;1;4;1;0;0
discussão;1;2;1;4;0
derrotar;0;1;0;6;4
definição;0;0;2;8;1
câmbio;1;11;0;0;0
curso;0;3;0;5;0
consumidor;4;7;0;1;0
condenação;2;0;2;0;1
climático;0;1;0;4;6
ceder;3;1;4;2;1
caber;4;1;1;2;2
baleia;3;0;0;0;0
argentino;1;1;0;1;5
aparecer;0;2;1;2;1
alemanha;1;1;0;0;8
afetar;0;4;1;6;0
admitir;2;2;0;3;2
acionista;10;1;0;0;0
vincular;0;3;1;3;0
velocidade;1;2;0;4;2
trabalhador;1;2;0;3;5
significativo;1;4;1;1;3
sentar;0;1;0;9;1
rua;0;1;0;4;6
revista;0;0;2;7;1
respeito;0;1;3;4;3
representação;0;0;1;7;2
registrar;0;6;0;0;0
reagir;2;1;2;5;1
probabilidade;5;1;0;1;0
primeiro_ministro;0;0;0;0;11
pretender;3;1;1;4;2
presença;5;1;0;1;3
potencial;5;6;0;0;0
pleito;0;0;2;1;7
plataforma;0;2;2;3;3
petista;7;0;2;0;0
perigo;1;2;1;5;1
pazuello;1;3;0;0;1
palácio;3;2;2;2;0
operar;1;4;0;5;1
obrigar;0;5;1;2;0
norte;0;1;1;7;2
mobius;7;1;0;0;0
mito;1;0;0;7;3
mensagem;3;0;1;2;3
marco;1;5;0;1;1
manipular;0;4;2;2;1
lutar;0;1;0;8;1
linha;2;1;3;0;3
ligar;0;0;0;2;9
jovem;1;0;1;8;1
internet;0;0;3;5;0
impossível;0;1;0;5;3
grave;3;1;3;2;1
governança;7;0;2;2;0
gestor;3;2;1;1;3
fronteira;0;0;3;2;4
fraude;1;0;0;2;5
frase;1;1;0;6;3
formar;0;3;0;1;6
floresta;2;1;3;2;2
favor;0;4;1;4;0
fator;4;1;4;2;0
episódio;5;2;1;1;0
dono;6;0;2;1;1
digital;0;0;8;1;1
determinar;2;2;0;1;1
descobrir;0;0;1;6;1
demanda;0;9;0;2;0
custar;3;3;1;2;2
criminoso;0;5;5;0;1
crescente;0;2;2;5;2
corporação;4;0;1;2;2
contribuir;0;2;3;4;1
conter;5;2;2;1;1
constante;1;1;7;2;0
concorrer;0;0;0;0;5
concessão;5;1;0;2;2
companhia;9;2;0;0;0
categoria;0;1;4;1;0
audiência;1;0;3;2;1
atuação;1;1;6;1;1
atividade;0;6;2;3;0
assunto;2;2;0;1;3
associar;2;1;1;6;0
armamento;0;4;3;1;0
argumentar;1;2;1;6;0
aplicar;2;4;2;0;0
análise;2;0;4;5;0
alerta;0;1;3;2;4
ajuste;5;5;0;1;0
índice;0;2;2;6;0
virar;2;0;0;0;6
ultrapassar;0;2;2;5;0
twitter;1;0;5;1;3
trocar;6;2;0;2;0
transição;0;3;2;3;1
tragédia;0;4;0;1;1
tese;0;4;0;4;1
tarefa;0;0;2;4;0
sul;0;0;1;6;2
sobreviver;1;1;1;4;0
senhor;0;1;2;1;6
seguinte;2;0;1;3;3
roberto;4;1;2;1;1
reunião;0;0;0;2;5
retomada;3;4;0;1;2
resto;2;4;1;1;2
ressaltar;0;2;3;0;4
relatório;0;1;6;0;1
rejeitar;1;0;0;5;3
pé;1;1;3;4;0
putin;1;0;0;1;5
propor;1;2;0;3;3
privatização;9;1;0;0;0
prisão;0;2;1;1;1
princípio;0;2;5;1;1
preso;1;2;1;1;1
preservar;0;1;4;4;0
prejuízo;6;2;0;1;0
peso;1;2;0;2;0
pensamento;0;0;1;7;0
penal;0;1;5;0;1
passo;2;1;0;5;1
participar;0;1;1;1;5
parecido;0;0;1;1;6
parceiro;0;0;1;0;6
origem;2;1;2;4;1
neoliberalismo;0;1;3;6;0
natureza;0;1;4;4;1
médico;2;4;3;0;0
município;4;4;1;0;0
motivo;1;0;0;3;5
morto;0;2;0;3;4
mianmar;0;0;1;2;6
mecanismo;1;7;1;0;1
mau;2;1;1;3;3
logístico;0;5;0;3;2
intervir;9;1;0;0;0
interpretar;2;0;4;4;0
integrante;6;2;0;2;0
imunizantes;0;1;0;0;2
ilegal;1;4;0;2;0
ignorar;0;4;1;1;2
guinar;6;3;0;1;0
globo;4;1;0;2;0
francês;3;0;2;4;1
formação;0;0;1;1;3
financiamento;0;5;1;2;2
fechar;2;3;1;0;1
experiência;0;1;0;7;1
expectativa;2;6;0;0;2
expansão;0;5;2;1;2
estrangeiro;6;2;0;0;0
estilo;0;0;0;7;0
escolher;2;0;1;3;4
escala;1;0;4;1;0
entregar;1;1;2;1;4
elite;1;1;0;6;0
doença;1;0;1;3;0
dividir;0;0;5;2;3
declaração;3;1;1;1;4
dado;1;2;2;5;0
criança;0;2;0;4;1
convencer;1;1;0;6;2
construção;0;3;0;6;1
conservadorismo;1;0;5;1;2
concordar;1;1;3;2;3
concepção;0;0;2;6;0
comunidade;0;0;4;6;0
comportamento;0;1;6;1;2
complexo;2;1;0;6;1
comparar;0;1;5;1;2
capital;6;2;0;1;0
brasília;0;0;0;1;2
aula;1;2;0;2;0
ativista;0;0;1;1;4
aproveitar;0;1;0;3;4
agricultor;1;0;0;2;6
agente;5;0;0;0;4
afastar;0;1;3;5;1
advogado;1;0;3;3;1
órgão;1;0;2;1;0
áfrica;0;0;1;8;0
violento;0;2;0;0;7
versão;0;2;0;2;2
vermelho;0;2;0;1;4
vaga;2;0;1;1;5
técnico;3;1;0;1;0
técnica;1;1;2;1;0
tensão;1;1;4;2;0
tamanho;0;5;0;2;0
subsídio;0;6;0;1;1
sr;4;0;0;2;0
sistemático;0;1;5;0;0
sexta_feira;2;3;1;1;2
salário;0;7;0;0;2
ruir;1;0;8;0;0
ricardo;3;3;0;0;0
reunir;1;1;1;4;1
retórica;0;0;5;3;1
retomar;1;2;0;0;5
restrito;0;2;1;0;0
restar;2;2;0;1;3
renúncia;3;0;1;0;5
referência;0;1;3;1;2
recessão;0;4;2;2;1
racismo;0;0;0;8;0
promessa;3;0;1;2;1
premiê;2;0;0;0;7
planeta;0;1;0;1;6
permanente;0;5;2;2;0
percepção;2;1;4;2;0
paz;2;1;0;1;5
pai;0;0;0;8;1
padrão;0;0;1;6;2
pacheco;2;1;0;0;0
oposto;2;0;3;1;2
oficial;0;0;3;4;1
nyt;0;0;1;2;5
nobel;0;0;0;7;1
natural;3;1;1;2;0
mover;0;0;5;3;1
miséria;2;2;1;2;1
matar;0;0;1;2;5
marca;0;1;1;3;3
mandar;2;1;0;1;5
luna;9;0;0;0;0
linguagem;0;0;1;6;0
limitar;1;4;1;1;1
jurídico;1;0;4;0;0
juntar;0;1;1;1;5
irresponsabilidade;0;7;0;0;2
intervencionismo;6;1;0;0;1
interromper;1;2;0;1;3
individual;1;0;6;2;0
indiano;0;0;1;2;2
incompetência;0;2;1;0;1
imunização;3;2;0;1;2
imediato;0;6;0;2;1
ignorância;1;2;2;2;1
hospital;1;1;0;1;0
hipótese;0;5;0;4;0
guarda;0;0;3;1;4
fóssil;0;9;0;0;0
forçar;0;2;0;3;4
fiel;0;2;2;2;2
fevereiro;0;3;0;0;5
fechamento;0;4;2;2;0
fascismo;0;0;0;8;0
fantasia;0;0;1;6;2
extremista;0;1;0;5;3
exigência;1;1;2;1;1
evidência;1;1;2;2;2
establishment;1;0;0;2;6
esquecer;1;0;4;0;3
especial;1;2;2;3;1
equilíbrio;6;1;0;1;0
enviar;2;2;0;1;3
entendimento;2;2;0;2;0
dúvida;0;1;1;4;2
draghi;0;0;0;0;9
divisão;0;1;0;7;1
distribuição;4;1;2;0;0
dispensar;1;2;5;1;0
disparar;2;4;0;0;1
diminuir;1;5;0;1;0
desacreditar;0;0;7;1;0
derrubar;5;1;0;1;2
declarar;0;1;0;0;6
cálculo;3;3;0;0;2
converter;1;0;0;7;1
conteúdo;1;0;5;0;0
condenar;0;0;2;2;4
conceito;0;0;1;5;0
conceder;3;3;2;0;0
comércio;0;2;1;1;3
compra;0;3;0;1;2
completo;2;3;1;1;0
comandar;0;0;0;1;7
colapso;0;5;0;0;0
caos;1;1;4;2;1
brexit;0;0;0;2;6
bloco;0;1;0;0;6
bilionário;1;0;0;0;8
baseado;1;0;1;5;2
andré;0;0;0;2;3
analisar;1;0;1;4;1
amazona;0;0;1;1;2
alinhar;1;0;4;0;4
acrescentar;0;0;1;6;1
vulnerável;0;0;0;6;2
voz;1;0;2;0;4
virtude;0;0;1;4;0
vantagem;0;4;2;2;0
usp;0;1;3;2;0
tático;0;0;3;1;3
tv;0;0;0;3;4
total;1;4;1;0;1
temor;4;2;1;1;0
sério;1;0;1;6;0
sustentar;1;1;2;2;1
semelhante;0;0;0;6;1
rumo;3;2;0;2;1
revelar;4;1;1;0;0
religião;0;0;1;3;0
relacionar;0;0;1;4;0
reduzido;1;3;0;2;2
prejudicar;0;1;3;2;2
prefeito;3;1;1;1;0
precedente;0;0;3;2;2
potência;1;1;2;1;3
posto;1;1;1;1;4
português;0;0;1;2;4
portugal;3;0;0;0;4
polônia;0;0;1;0;6
planejamento;0;3;0;4;0
pertencer;0;0;0;6;1
perdido;4;0;0;2;1
perda;6;0;0;1;1
particular;1;1;0;4;1
parar;0;0;1;4;3
pacote;1;3;0;0;2
orçamentário;1;7;0;0;0
operação;2;0;0;1;2
objetivo;1;5;1;0;1
obama;0;1;0;0;7
nota;3;2;0;2;1
negociação;0;0;0;0;8
negociar;1;1;0;0;3
negacionismo;1;1;1;2;3
nacionalismo;0;0;3;3;2
máximo;1;0;0;4;1
moraes;0;0;5;0;0
modelo;0;1;1;6;0
minar;0;2;3;2;0
milhar;1;3;0;3;1
meta;1;4;0;1;1
mentir;2;0;1;3;1
macron;0;0;0;2;6
jurar;3;3;0;1;1
julho;3;2;0;0;3
josé;5;0;0;3;0
intimidar;1;0;1;2;0
intervencionista;7;1;0;0;0
interpretação;2;2;0;2;0
intelectual;0;0;1;6;0
instância;1;1;0;1;0
infra-estrutura;0;4;0;0;1
hostilidade;0;0;5;2;1
gasolina;0;4;0;1;2
funcionamento;0;4;2;2;0
frágil;0;0;0;3;5
fernando;3;0;0;0;0
favorável;1;2;1;2;0
fanático;2;0;0;4;2
falha;1;0;1;5;0
explodir;1;3;1;1;0
exceção;0;0;2;1;5
eventual;3;1;2;0;0
estratégico;0;3;0;0;1
estranho;1;1;0;4;0
espalhar;1;0;0;4;1
escândalo;0;2;0;3;0
enxergar;2;0;0;6;0
entrada;0;1;0;4;1
empresariado;6;1;0;1;0
emergência;2;2;1;2;1
emenda;0;6;1;1;0
domingo;2;3;0;0;0
dito;0;2;0;5;0
distante;1;0;0;4;1
diminuição;0;5;2;1;0
dimensão;0;2;3;3;0
destruir;1;2;1;4;0
destinar;0;1;4;0;2
desmatamento;0;1;0;1;5
desemprego;0;7;0;1;0
dependente;0;3;2;1;1
crer;1;2;1;2;1
cooperação;0;0;0;6;1
conversar;2;0;1;5;0
contemporâneo;0;0;1;3;3
constituir;0;0;2;4;1
conhecer;0;1;1;4;0
conduzir;0;1;0;5;1
comunista;0;0;1;5;1
chanceler;0;0;0;0;4
cadeia;1;3;0;1;1
cabeça;0;1;0;2;2
bucci;0;0;7;1;0
bolsonaristas;0;0;1;3;1
bolsonarismo;1;0;4;2;0
bastar;0;3;2;2;1
basear;0;0;1;5;1
atitude;1;1;1;2;1
atender;0;7;0;1;0
associação;0;0;2;2;2
assistir;1;0;0;1;6
assassinato;0;3;1;0;4
asiático;0;0;0;2;5
apelo;0;0;0;8;0
antidemocrático;1;0;0;2;3
antecipar;1;0;0;2;5
ana;0;1;0;1;2
amor;1;0;0;2;2
aguardar;1;0;0;0;4
administrar;0;4;0;1;1
adiantar;2;0;0;6;0
absoluto;1;1;2;2;0
vice_presidente;0;0;0;0;5
verificar;1;0;1;2;0
venezuela;2;0;0;0;5
utilizar;0;3;3;0;0
turquia;0;0;1;0;5
troca;3;1;1;0;2
transparência;1;0;4;2;0
tarifa;6;0;0;0;0
símbolo;0;0;0;1;2
suspeito;1;1;0;0;1
sudeste;0;0;0;1;4
sigla;0;0;0;1;5
setembro;0;0;1;1;3
senso;0;1;1;3;0
semestre;0;5;0;0;2
selic;0;7;0;0;0
sedição;0;0;0;4;1
rápido;0;0;1;0;5
resgate;1;1;0;1;4
repórter;1;0;4;0;1
renovar;2;1;0;1;1
relator;2;0;1;0;0
rejeição;0;0;0;4;3
referir;1;0;0;2;3
recusar;0;1;0;4;2
receita;0;6;0;1;0
quebrar;5;0;0;2;0
quantidade;2;1;0;2;0
prêmio;0;0;1;4;1
protocolo;1;1;0;1;3
projeção;3;1;0;2;0
produtor;1;1;1;0;1
prestar;1;2;2;2;0
praticar;0;2;3;1;0
polarizar;0;0;1;5;1
pleno;0;3;1;3;0
pilar;1;0;5;0;1
perigoso;0;0;5;0;2
perguntar;1;1;0;3;1
pena;1;1;4;1;0
pele;0;0;0;5;0
pedido;4;0;0;0;0
patamar;0;6;0;0;0
parcela;1;2;2;1;1
paralelo;1;3;1;0;2
ouvido;4;0;1;1;0
opção;1;2;0;2;2
oferta;0;7;0;0;0
of;0;0;0;5;1
ocidental;0;0;2;3;1
obter;1;1;0;1;3
observar;3;1;0;1;1
núcleo;0;2;4;0;1
novembro;2;4;0;0;1
normal;2;1;0;1;2
new;1;2;0;1;3
méxico;0;1;0;0;6
método;0;0;0;4;2
monetário;3;3;0;0;0
miranda;6;0;0;1;0
mina;1;0;0;1;1
miliciano;0;0;2;3;1
michel;6;0;0;1;0
material;0;2;1;1;1
margem;2;3;1;0;1
manobra;0;3;0;1;3
manhã;0;1;1;0;2
luiz;3;0;0;0;0
lição;1;0;2;0;4
limitado;4;1;1;1;0
liberação;2;0;0;1;0
joão;2;1;0;1;2
joaquim;5;0;2;0;0
inédito;1;0;4;1;1
interessar;0;0;4;3;0
integrar;0;0;2;1;1
insurreição;0;0;1;1;5
instrumento;0;2;1;3;0
insistir;0;0;0;4;1
iniciar;0;2;0;0;4
inevitável;0;2;0;1;4
indicador;3;2;1;1;0
incapacidade;1;1;0;5;0
impulsionar;1;2;0;2;1
implicar;0;0;3;4;0
igual;1;0;1;4;0
ideólogo;0;0;0;4;0
hungria;0;0;1;0;6
hostil;3;0;1;1;2
homicídio;0;6;0;0;0
gênero;0;0;0;7;0
gatilho;0;5;0;0;1
gastar;1;5;0;0;1
fundador;1;0;1;2;2
fuga;1;0;0;4;0
fonte;0;3;1;1;0
firbida;0;0;6;1;0
financiar;0;6;0;0;0
filosofia;0;0;1;6;0
fila;1;1;0;0;4
ficção;1;1;0;1;0
fascista;0;0;0;6;1
fake;0;1;5;0;0
extremismo;0;0;0;1;3
expor;1;2;4;0;0
exercício;0;0;5;1;0
ex_ministro;4;0;0;0;2
estrutural;2;2;1;2;0
estatuto;3;1;1;1;0
estabilidade;1;1;1;0;4
espiritual;0;0;0;6;0
específico;0;1;1;3;0
especializado;0;0;0;4;2
escalada;4;0;0;2;1
errar;3;0;1;2;0
ensino;0;2;1;2;2
ensinar;0;0;0;6;0
ensaiar;0;2;2;1;0
elevar;0;5;1;1;0
eleito;2;0;1;0;3
editor;0;0;0;6;0
durar;1;0;1;1;4
dramático;3;0;1;3;0
doutrinário;0;0;1;6;0
doutrina;0;0;0;5;2
doria;2;1;0;1;0
distribuir;1;3;1;1;0
discursivo;0;0;2;2;1
dificultar;2;2;0;1;1
deus;0;0;1;3;1
desvalorização;1;6;0;0;0
desenvolver;1;0;1;3;1
delírio;0;1;0;5;0
decadência;0;0;0;5;0
criminal;0;0;2;1;0
crença;0;0;2;3;0
correto;0;1;0;6;0
correr;2;2;0;2;1
consistente;0;3;2;2;0
conselheiro;3;0;0;1;1
conhecimento;1;0;1;2;1
concreto;1;1;0;2;3
concentrar;2;0;1;2;1
comprometer;2;2;2;0;1
commodities;0;6;0;0;0
comissão;2;0;0;0;1
colunista;2;0;3;2;0
colher;2;1;2;1;1
cobertura;0;0;1;5;0
circulação;0;4;1;1;0
circular;0;0;1;4;0
chile;0;0;0;0;5
censura;0;0;4;0;3
carolina;1;5;0;1;0
caro;2;3;1;0;1
carlos;0;0;5;0;1
característica;0;0;2;5;0
azul;0;2;0;2;0
atraso;0;4;1;1;0
aproximar;1;0;0;3;3
analista;4;1;0;1;1
ampliação;1;2;2;0;0
amazônico;0;2;2;1;2
alegar;0;1;1;1;1
acadêmico;0;0;0;4;0
abordagem;1;0;2;2;2
êxito;0;0;0;0;5
ásia;0;0;0;6;0
água;0;1;0;2;2
york;3;0;0;1;2
wilson;4;0;0;0;0
viabilizar;1;1;0;0;2
urna;2;0;2;1;0
urbano;0;3;0;3;0
típico;0;0;2;3;1
truculento;3;0;0;1;0
transmitir;1;1;0;2;1
traduzir;0;1;1;3;0
tom;1;0;0;4;1
testar;0;1;1;4;0
terreno;0;0;0;4;2
tentação;1;1;4;0;0
suspensão;0;3;1;1;0
suspeita;1;0;0;4;1
surpresa;1;0;0;0;4
surpreendente;0;0;0;3;3
substituir;1;0;1;0;2
sombra;0;0;0;5;0
somar;1;0;1;2;1
soltar;4;0;0;0;2
ritmo;0;5;1;0;0
rigoroso;1;1;0;3;1
revolução;1;2;0;1;1
resumo;0;0;1;3;1
resumir;0;0;1;4;0
restritivo;0;2;0;0;3
restaurar;0;0;0;2;2
respeitar;0;0;2;3;1
representativo;1;0;0;3;0
relativo;0;3;0;3;0
refém;1;0;2;1;1
reflexo;2;1;2;0;1
reeleger;0;0;1;2;3
recado;2;3;0;1;0
reacionário;0;1;2;3;0
publicação;0;0;0;3;1
pronto;1;3;0;0;2
progresso;0;0;0;6;0
progressista;0;0;2;2;2
produtivo;1;5;0;0;0
procurar;1;2;1;1;1
privatizar;5;0;0;1;0
previdência;3;3;0;0;0
premissa;0;1;0;4;0
pregar;0;0;4;0;1
ponta;1;0;0;1;1
peça;1;1;0;2;0
personalista;0;0;1;4;0
perfeito;0;0;3;3;0
paris;0;0;0;0;6
parcial;2;1;3;0;0
paes;0;1;4;0;0
pacífico;0;0;1;2;3
opor;0;0;0;1;5
operador;4;0;1;0;0
ofensiva;0;0;1;2;3
noção;0;1;0;5;0
novidade;0;0;0;2;3
noite;1;0;0;3;0
máscara;0;0;4;2;0
mudo;0;0;2;4;0
missão;3;0;1;1;1
medir;0;2;1;3;0
matteo;0;0;0;0;6
manutenção;0;4;0;0;1
manso;0;1;4;0;0
manifestante;0;0;2;0;4
lucro;2;3;0;0;0
limpo;0;2;2;1;0
libertário;0;0;4;1;0
legítimo;0;1;5;0;0
largo;1;0;1;1;0
justo;0;1;0;2;3
jurista;1;0;0;1;2
julgar;0;0;3;1;2
janones;0;0;1;3;0
invadir;1;0;0;0;5
intimidação;0;0;6;0;0
interior;0;0;0;2;1
inteiro;1;0;0;5;0
ingênuo;4;0;0;0;0
inglês;2;0;0;0;2
informar;3;1;0;0;0
informalidade;1;1;0;2;0
imenso;2;1;0;1;0
ideal;0;0;2;2;0
guénon;0;0;0;4;0
graça;1;1;1;2;0
gomes;1;0;1;0;3
globalização;0;0;2;3;1
gesto;1;1;1;1;1
ganho;0;4;1;0;0
fórum;0;2;0;1;2
fugir;2;2;0;1;1
fraco;0;2;1;2;1
fracasso;1;0;0;0;4
foco;1;1;1;2;0
focar;1;1;0;0;4
flávio;0;0;0;0;4
firme;1;0;0;1;4
fingir;1;2;1;2;0
filipino;0;1;0;0;5
famoso;1;0;1;0;3
familiar;1;0;0;4;1
faixa;0;6;0;0;0
face;1;0;0;3;0
explicação;0;0;1;4;1
excesso;0;2;1;2;1
etc;0;0;1;4;0
estável;1;1;0;2;1
estudar;1;0;0;2;0
equivaler;0;4;0;0;0
equador;0;1;0;0;3
endividamento;0;6;0;0;0
encontro;0;2;0;4;0
emergente;2;3;0;1;0
elevado;0;5;0;0;0
eleitorado;1;1;0;1;2
déficit;0;5;0;0;0
droga;0;3;0;1;0
dominar;0;0;0;1;3
divulgar;4;0;0;0;0
distanciamento;0;2;2;1;1
disputar;2;0;1;0;2
disposto;4;0;0;0;2
deteriorar;0;5;0;1;0
deter;0;1;1;0;3
destaque;1;0;2;0;2
desrespeitar;2;0;1;2;1
descrever;0;0;1;5;0
demitir;5;0;0;1;0
demissão;4;1;0;0;0
deliberado;0;1;2;3;0
defensor;0;1;3;1;1
dedicar;1;2;0;0;1
debater;0;1;0;4;1
data;0;1;1;1;2
dano;0;0;2;3;1
daniel;1;1;0;1;0
círculo;0;2;1;1;1
cruz;0;2;0;1;2
critério;2;0;2;0;0
credibilidade;2;0;1;0;3
costa;2;0;0;1;3
corrigir;0;4;0;0;1
corresponder;0;1;1;2;0
convocar;1;0;0;0;4
contínuo;0;0;2;3;1
contramão;1;2;1;0;0
conspiratório;0;0;0;4;2
consistir;0;1;2;1;1
condução;4;2;0;0;0
conduta;0;2;4;0;0
concluir;3;0;0;1;2
compor;1;0;0;4;1
competência;2;1;0;0;1
cometer;3;1;1;1;0
combinação;1;2;0;1;1
colega;1;0;1;1;1
cheque;0;0;0;5;1
chegada;0;0;1;0;3
centena;1;0;0;1;2
castello;5;0;0;0;0
cara;4;1;0;1;0
bruto;0;5;0;0;0
bolsonarista;1;2;0;1;0
bolso;1;4;0;1;0
barbosa;0;0;6;0;0
autêntico;0;1;4;1;0
autorizar;1;1;0;1;0
assinante;0;1;0;0;4
assembleia;2;1;1;2;0
armar;0;0;0;3;2
aprofundar;0;2;1;3;0
apontado;1;4;0;0;0
anúncio;4;0;0;1;1
alvo;2;0;0;1;3
alma;0;0;0;4;0
alimento;0;5;0;0;0
alertar;1;1;0;1;3
albertazzi;0;0;0;0;6
agressão;0;0;4;0;1
agressivo;0;1;0;2;2
agosto;2;1;0;1;1
adesão;0;0;1;0;4
adequado;0;1;0;5;0
acumular;3;3;0;0;0
acontecimento;1;0;0;2;3
abril;2;1;0;0;2
viés;0;0;2;2;0
vizinho;0;0;0;2;2
visível;0;2;0;2;1
visar;0;1;2;0;1
ventura;0;0;0;0;4
veem;2;0;1;1;1
variar;0;2;1;2;0
variante;0;1;0;0;2
valorização;2;3;0;0;0
urgência;0;2;0;3;0
urgente;0;3;0;2;0
unir;0;0;0;2;2
unidade;0;1;0;2;2
ue;0;1;0;0;4
título;1;2;0;1;0
tratamento;1;0;1;1;0
tratado;0;1;2;0;1
teste;0;0;0;4;0
tecnológico;0;1;1;1;0
tecnocrata;0;1;2;0;2
sustentável;0;3;0;1;1
suspenso;0;3;0;0;0
sucessor;2;0;0;0;1
sombrio;0;0;0;2;1
silêncio;2;0;0;1;2
significado;0;0;0;4;0
sessão;1;1;0;1;1
servidor;1;3;0;1;0
seringa;1;2;0;0;0
separar;1;0;0;2;0
sentimento;0;0;0;4;1
secretário;0;2;0;1;2
sanção;0;1;0;0;3
sangue;1;0;0;2;2
salvini;0;0;0;0;5
ruptura;2;0;0;2;1
rousseff;4;0;0;0;1
romancista;0;0;0;2;1
rival;0;0;1;0;3
retrocesso;0;0;1;3;0
resistir;0;0;1;3;0
repassar;0;4;0;1;0
renovável;1;3;0;1;0
reino;0;0;1;0;4
regulação;1;1;1;0;1
registro;0;2;2;0;0
reflexão;1;0;1;3;0
redor;0;0;0;5;0
recomendar;0;0;3;2;0
receio;3;0;1;0;1
reajuste;3;2;0;0;0
radicalismo;0;0;0;4;1
radar;1;2;1;1;0
racial;0;0;0;4;1
questionamento;0;1;0;2;1
pós_verdade;0;0;0;5;0
prosperar;0;0;1;3;1
propósito;1;1;0;1;0
propagar;0;1;3;1;0
propaganda;0;0;0;4;0
promoção;0;2;0;1;2
prolongar;2;1;1;0;0
previsão;0;0;0;0;3
preocupante;0;1;0;0;3
preocupado;0;1;1;1;0
precipício;0;1;0;2;1
polêmica;1;0;1;0;2
planejar;0;0;1;2;2
peste;2;3;0;0;0
perón;0;0;1;3;0
personalidade;0;0;1;2;2
perseguir;0;0;2;3;0
pequim;0;0;1;0;2
pegar;2;1;0;1;0
pautar;0;1;0;4;0
patrocinar;0;0;1;2;0
participante;3;1;0;1;0
oriente;0;0;0;5;0
orientação;0;0;1;1;3
online;0;0;0;4;1
oms;0;1;0;2;2
oligárquico;0;0;2;2;0
obscuro;0;0;0;3;2
nomeação;1;1;0;0;3
nomear;2;0;0;0;2
negação;0;1;3;1;0
necessitar;3;1;0;0;1
nascer;0;0;2;3;0
nacionalista;0;0;0;2;3
música;0;0;0;1;3
mágico;0;1;0;3;1
muro;0;0;0;0;5
mudado;0;0;0;3;1
motivar;0;0;2;2;0
moral;0;0;2;2;0
moderação;1;0;1;2;0
mistura;1;2;0;0;1
militarização;1;0;0;1;1
mexer;4;0;1;0;0
mesa;0;2;0;2;0
memória;2;0;1;2;0
mello;0;0;2;2;0
melhorar;0;2;0;2;0
melhora;2;3;0;0;0
mediação;0;0;5;0;0
mccartney;1;0;0;2;1
materialista;0;0;0;4;0
mata;2;1;0;1;0
mario;1;1;0;0;2
marcelo;2;0;0;1;2
manifesto;0;0;0;0;4
maiúsculo;0;0;1;3;1
magistrado;0;1;2;0;0
luz;0;3;1;0;1
limitação;1;3;0;1;0
ligação;0;0;0;0;4
ligado;3;1;0;0;1
liberar;0;3;0;0;0
legitimidade;0;0;3;1;1
lacerda;0;0;3;1;0
kamala;0;0;0;0;5
jurisprudência;1;0;1;1;0
junho;0;1;0;1;2
japão;0;0;0;5;0
irresponsável;0;1;3;1;0
inúmero;1;2;0;1;0
interferência;3;0;1;0;0
interferir;0;2;0;0;2
interessado;0;0;0;2;1
inspirar;0;0;2;1;1
infectado;0;3;0;0;0
inclinação;0;2;0;2;0
incentivar;0;1;1;1;2
incapaz;0;1;1;3;0
igualdade;0;0;0;3;1
hábito;0;0;0;4;1
horizonte;0;1;1;2;1
hierarquia;0;0;0;3;0
george;0;0;0;0;5
físico;0;0;1;2;1
fé;1;0;0;3;1
frustração;2;1;0;0;1
franco;1;1;0;1;1
fragilidade;2;0;1;1;0
formado;0;0;1;0;4
fogueira;1;2;1;1;0
fgv;1;3;1;0;0
ferir;0;1;3;1;0
felipe;3;0;0;0;0
farto;0;0;1;4;0
farsa;0;0;3;1;0
facebook;1;0;0;2;0
extensão;2;1;0;1;1
explorar;1;1;0;2;1
executar;2;2;0;0;0
exclusão;0;2;0;2;0
excluir;1;2;2;0;0
estrela;0;1;0;1;2
estender;0;4;0;0;0
espectro;0;0;0;2;3
esfera;0;1;1;3;0
escócia;1;0;0;0;3
escrita;0;0;0;2;1
escapar;0;0;1;3;0
erosão;0;0;3;2;0
envelhecer;0;0;1;4;0
enfraquecimento;0;2;1;1;0
emmanuel;0;0;0;1;4
embaixador;1;0;0;0;2
eficaz;0;2;0;1;0
edição;1;0;0;1;1
diário;0;3;1;0;0
diálogo;0;0;0;2;1
ditador;0;0;2;1;2
distanciar;0;0;0;0;5
dirigir;0;0;0;4;1
dezena;0;0;1;1;1
dezembro;1;1;0;0;2
detalhe;1;3;0;1;0
destino;1;0;0;3;1
desigual;0;1;0;2;1
descontentamento;1;1;0;3;0
desconfiança;2;0;2;1;0
descer;0;1;0;0;4
descaso;0;1;2;1;0
desafiar;0;0;0;4;1
denunciar;1;1;2;1;0
custeio;0;5;0;0;0
curva;0;4;0;0;1
crueldade;0;0;2;1;0
criação;1;3;0;0;0
credo;0;0;0;5;0
covid;1;2;1;1;0
cortar;1;2;1;0;1
corrupto;0;0;0;2;1
coragem;1;0;1;2;1
convencido;1;0;1;2;1
contribuição;0;0;1;3;1
contrato;0;0;2;0;1
contratar;3;1;0;0;0
contrapor;0;0;2;3;0
contrapartida;2;2;0;0;1
continente;0;0;1;0;4
consenso;0;4;0;1;0
conquistar;0;0;0;1;4
congressista;1;0;0;0;3
congelamento;0;4;0;0;1
confusão;0;1;0;1;3
confronto;0;0;0;0;4
confrontar;0;1;2;1;1
confiar;2;0;1;1;1
conexão;0;0;0;5;0
conectar;0;1;0;3;0
conclusão;0;0;0;3;1
conceber;1;0;1;2;1
compreender;1;0;0;4;0
compartilhar;0;0;1;3;1
comentário;0;0;1;3;0
colômbia;1;0;0;0;2
cobrar;1;1;2;1;0
cláusula;1;3;1;0;0
clinton;0;0;0;0;5
ciro;2;0;0;1;1
choque;1;2;0;2;0
charles;0;0;0;0;5
cerimônia;0;0;0;0;5
centro_esquerda;1;0;0;0;4
centro_direita;1;0;0;0;4
celebrar;0;0;2;2;1
caráter;0;1;0;4;0
carro;2;1;1;0;1
carreira;2;0;0;2;1
capricho;0;1;3;1;0
capitão;2;0;0;0;1
camboja;0;0;0;0;5
britânico;0;0;0;1;3
breve;0;2;1;0;0
bloquear;0;0;0;0;5
beneficiário;1;3;0;0;1
bastidor;2;1;0;1;1
barreira;1;0;0;0;4
barack;0;1;0;0;4
bandeira;1;0;0;1;3
baixar;1;0;1;3;0
atrair;3;1;0;0;1
assegurar;1;1;1;1;0
arte;0;0;1;4;0
aquecimento;0;2;1;1;0
apelar;0;0;0;4;1
ansiedade;0;0;0;3;1
amarelo;1;1;0;2;0
alternativa;1;0;0;1;3
alteração;0;2;0;2;0
alterar;0;2;0;1;0
agulha;1;2;0;0;0
adicional;1;4;0;0;0
acusação;3;0;1;0;0
acionar;0;4;1;0;0
abuso;1;2;1;1;0
abraçar;5;0;0;0;0
óleo;3;1;0;0;0